Sex,Length,Diameter,Height,Whole_weight,Shucked_weight,Viscera_weight,Shell_weight,Rings
F,0.645,0.09,0.08,2.8015952,0.7639905,0.1183243,0.2265531,5.0
F,0.61,0.09,7.876577e-05,1.3173814,0.28596994,0.26308027,0.33398774,11.0
F,0.81499845,0.090044536,0.11,0.8396619,0.7290174,0.17264856,0.38629386,2.2094889
F,0.62,0.09,0.0208446,1.555201,0.114874296,0.0005010545,0.44265345,4.0
F,0.48,0.26434448,0.024742147,0.33020374,0.48491946,0.070414744,0.5600231,4.0
I,0.2380955,0.42699626,0.066023715,0.20883714,0.6071626,0.57274115,0.36178792,8.0
F,0.11018566,0.09,0.065229766,0.4134948,0.06191505,0.7474668,0.0034098707,6.0
F,0.37432775,0.58233714,0.13,0.34730598,0.95782477,0.42158085,0.010267466,6.0
M,0.110752285,0.51,0.7713461,1.4360386,0.37337735,0.15886381,0.0030057535,8.31483
M,0.13211498,0.5,0.195,0.0110790245,0.69477403,0.15823646,0.003014195,11.0
F,0.55,0.17901938,0.165,0.61704785,0.49915805,0.024699623,0.24500205,26.999853
F,0.32410777,0.5996089,5.4738653e-06,2.8241062,0.3096409,0.122175395,0.30968314,13.0
I,0.5870255,0.21134958,0.145,0.8605773,0.2961818,0.4324831,0.8026682,12.0
I,0.5,0.41,0.15,1.0426682,0.35666904,0.08022845,0.4599801,7.0
I,0.475,0.335045,0.175,0.43664938,0.48369533,0.46707484,0.32083344,9.0
M,0.595,0.13919654,0.135,0.54548347,0.0421254,0.22561699,0.4335249,10.0
F,0.50796497,0.395,0.13,0.7311905,0.35238773,0.17798705,0.15877813,7.888309
F,0.5309461,0.46,0.16,0.91756386,0.408045,0.20991357,0.2560512,8.0
I,0.11149718,0.13205612,0.12,0.036543053,0.105084926,0.035769276,0.095295355,7.0
M,0.2979544,0.22916883,0.08,0.1340183,0.03907608,0.033340417,0.04713144,10.0
M,0.4817617,0.40210748,0.10574001,0.7976038,0.5926958,0.1361083,0.32262197,19.186382
I,0.54012066,0.42065787,0.14,0.7240997,0.32037812,0.15332088,0.21834299,10.0
I,0.23359098,0.17066368,0.054016255,0.054947626,0.024427775,0.013429953,0.016955003,5.0
F,0.63787144,0.5,0.175,1.2962817,0.55923164,0.29020202,0.3682363,11.0
F,0.52,0.10245095,0.19201583,0.8386853,0.0031521309,0.05609374,0.160125,11.0
F,0.41657874,0.325,0.12,0.38565913,0.1766737,0.087832786,0.09602712,8.0
M,0.6,0.475,0.16,1.0643568,0.40687543,0.21905996,0.3428848,15.588589
I,0.5025272,0.20245056,0.07,0.18898878,0.48358124,0.108303286,0.5666055,7.0
F,0.60160893,0.475,0.16,1.0864395,0.45992318,0.24066296,0.30811107,10.0
I,0.110223,0.090027414,0.00011006269,0.008000497,0.0025119893,0.0005003537,0.0030007204,2.0431497
M,0.62,0.4885581,0.17,1.1964018,0.4970375,0.2590891,0.35632768,12.0
F,0.57,0.09,0.17,0.008058877,0.042514075,0.4556173,0.11330975,19.680439
M,0.46194747,0.35368192,0.115,0.46509233,0.20647997,0.1035201,0.13857411,9.0
F,0.4908802,0.37781942,0.125,0.5585127,0.24669774,0.12883405,0.16442469,9.477358
I,0.61674505,0.4011673,0.13,0.9046725,0.1969326,0.20229842,0.16137263,11.0
F,0.475,0.3675603,0.124852896,0.5105161,0.22081085,0.11633368,0.1501363,10.0
I,0.39492807,0.29,0.10094266,0.33241177,0.07990313,0.077878036,0.09931257,9.0
F,0.7206454,0.56141967,0.195,1.9082566,0.8405519,0.42040586,0.5097338,11.0
M,0.78722835,0.38,0.9547256,0.9651857,0.57768,0.18347375,0.30324936,12.0
I,0.27723822,0.20517686,0.06792307,0.09933678,0.04120803,0.022113277,0.031197699,6.0
M,0.465,0.355,0.115,0.48925236,0.22933017,0.105676204,0.14021023,8.0
F,0.7982327,0.62056035,0.21959631,2.6811526,1.3742331,0.66749674,0.62776953,12.0
I,0.46490565,0.3751456,0.07958993,0.37295794,0.0944585,0.074317984,0.18364131,11.0
I,0.11095377,0.09024865,0.00054336287,0.0080045825,0.0025396394,0.0005042621,0.0030093617,2.1316206
F,0.5329959,0.4112783,0.14,0.7478029,0.33056915,0.16433908,0.2083508,10.0
I,0.6249289,0.43411416,0.15,0.5096322,0.36244404,0.008496366,0.0046647754,4.903272
M,0.55,0.425,0.14,0.7855134,0.35647857,0.17275687,0.21900317,9.0
I,0.34233814,0.25975484,0.08,0.1881638,0.08039499,0.038757324,0.056806836,6.617423
F,0.525,0.33439544,0.1,0.87482053,0.10005177,0.18958077,0.29215696,13.0
M,0.71864736,0.5603843,0.19930276,1.9637319,0.8727798,0.41784957,0.5200314,12.0
I,0.12180689,0.09616325,0.007790086,0.008829911,0.0035173371,0.0010746216,0.003466412,2.5471895
M,0.4415799,0.36,0.145,0.5696326,0.4177742,0.16476895,0.13533576,11.0
M,0.12806238,0.10069317,0.023285553,0.009010159,0.003093879,0.0013530914,0.004335885,7.0
F,0.535,0.3980633,0.155,0.9549616,0.36967522,0.24350052,0.28566074,12.0
F,0.68530804,0.5446914,0.195,1.7176936,0.6569766,0.36493418,0.5277458,17.0
M,0.475,0.34031633,0.12,0.28134847,0.1087583,0.118470475,0.15561584,8.0
M,0.615,0.49,0.175,1.2278771,0.46212015,0.25693724,0.4068671,18.827951
I,0.5,0.395,0.13756606,0.59095705,0.19062206,0.14162341,0.17096585,8.0
I,0.13405286,0.10239914,0.014905634,0.011381898,0.0045986474,0.0018368922,0.004293917,4.0
M,0.68438035,0.5334057,0.19,1.6929522,0.73066103,0.36679617,0.46405083,11.0
I,0.110002466,0.09,5.2740666e-07,0.008,0.002500321,0.0005,0.003,2.001434
F,0.59,0.46078596,0.155,1.0108502,0.43854535,0.2246325,0.27973133,10.0
I,0.110708065,0.0901702,0.00041986807,0.008003234,0.0025318833,0.0005028962,0.0030055996,2.0710206
I,0.4278091,0.325,0.105,0.3824049,0.17671254,0.08061179,0.099096276,7.0
F,0.8141076,0.646656,1.0340908,2.8229852,1.4863452,0.7540748,0.97323304,13.0
F,0.59,0.2702929,0.15,1.1029813,0.5225806,0.27699664,0.07478178,6.0
F,0.5349958,0.40709403,0.135,0.72550654,0.33716485,0.159252,0.19151458,8.0
M,0.64422345,0.50540334,0.175,1.3522499,0.6007188,0.29074752,0.3839954,11.0
I,0.44,0.3342273,0.105,0.3768361,0.16701204,0.07987179,0.11044121,9.0
I,0.11004757,0.0900043,2.2052056e-05,0.008,0.0025045522,0.0005,0.003,2.0089312
I,0.66,0.64802337,0.09483048,0.018234475,0.5354191,0.17610928,0.16990833,5.0
M,0.53662014,0.415,0.135,0.73536235,0.33767012,0.16117859,0.20183939,9.0
M,0.57,0.44649032,0.15,0.89189243,0.38200054,0.19560266,0.25977096,11.0
I,0.4622396,0.35458893,0.11369143,0.4445685,0.19889887,0.09363077,0.13112113,9.0
M,0.6096663,0.5049131,0.15,1.2554308,0.56483096,0.2776468,0.35981393,12.0
M,0.29912832,0.22905406,0.08,0.1343587,0.039861925,0.033384435,0.04702957,9.0
F,0.61,0.475,0.165,1.114319,0.477082,0.24694319,0.31440806,10.0
I,0.42887315,0.325,0.1,0.36327106,0.16560265,0.07496915,0.10283622,7.0
F,0.6820446,0.53173643,0.18559752,1.6169604,0.69194293,0.36054578,0.449554,11.0
I,0.41074905,0.3109944,0.1,0.3133158,0.13838486,0.06403375,0.092651665,8.0
M,0.60507005,0.45,0.155,0.89582175,0.46854872,0.21533585,0.35254633,10.0
F,0.8125194,0.64311796,0.90019387,2.8115392,1.4775208,0.7434158,0.92106676,13.0
I,0.11004254,0.09000357,1.8862875e-05,0.008,0.0025041746,0.0005,0.003,2.0086381
M,0.29143113,0.22317104,0.0799519,0.12514904,0.037686102,0.03115573,0.043723863,9.0
F,0.6362844,0.5155448,0.18,1.3313519,0.50027335,0.27563733,0.39367348,15.0
I,0.65,0.52351403,0.19466469,1.5785179,0.57387197,0.3115348,0.5033185,19.930779
I,0.6303867,0.455,0.105,0.5718214,0.24036749,0.1256715,0.03908724,17.847826
I,0.3119046,0.22240241,0.0662693,0.12915902,0.045828033,0.031980477,0.038142428,6.640563
M,0.6671518,0.525,0.18954714,1.5767736,0.65328604,0.3325021,0.46756452,13.860311
M,0.20694372,0.1474621,0.054029837,0.038617928,0.015883269,0.009377264,0.012828142,5.0
F,0.2447785,0.18833947,0.066793546,0.072559334,0.016750082,0.020419424,0.025426311,10.0
F,0.615,0.4839204,0.165,1.1474158,0.49635103,0.25744367,0.32049045,10.0
F,0.77888477,0.5932549,0.21080859,2.480767,1.2261004,0.58058894,0.59589916,11.0
F,0.64,0.505,0.175,1.306855,0.5716507,0.2932799,0.36642364,10.0
F,0.58610857,0.46,0.15831195,1.0018042,0.4219971,0.22111918,0.28793165,11.0
I,0.555,0.43015537,0.145,0.78634495,0.34346697,0.16653018,0.23849237,10.0
M,0.11017454,0.09000723,0.0001279489,0.008,0.0025052878,0.0005001069,0.003000404,2.0945044
M,0.73848563,0.5777098,0.20717609,2.2412293,1.0930371,0.47412255,0.5595954,11.982613
I,0.62,0.49,0.17478022,1.183691,0.4749676,0.24886166,0.37542924,15.0
F,0.6467952,0.51,0.175,1.3629822,0.58446145,0.30165464,0.39167786,11.0
I,0.3389191,0.25628263,0.08,0.18224493,0.077717885,0.038132694,0.055157132,7.0
M,0.7365797,0.5768248,0.20517527,2.1887214,1.0889933,0.44349608,0.56610715,12.0
I,0.45202756,0.34723878,0.11,0.41411477,0.17804737,0.08663378,0.12512314,9.0
M,0.11078024,0.090073824,0.0012471696,0.008002482,0.0025321709,0.0005020397,0.0030093426,2.115694
M,0.78935885,0.19786578,1.1229064,0.44936833,0.2643911,0.118436925,0.010270124,9.0
M,0.6963035,0.5233081,0.42557397,0.05448361,0.2484811,0.2740758,0.070826225,10.0
I,0.6295998,0.4907613,0.17,1.1625824,0.49463192,0.25800022,0.34395596,11.0
F,0.6211323,0.49,0.17,1.1948376,0.48813495,0.26229706,0.35544842,12.0
I,0.11642984,0.093221515,0.0042464104,0.008213194,0.0029362026,0.0006862047,0.0032082414,2.5658617
M,0.63,0.49741536,0.17,1.2387813,0.5498777,0.27112988,0.34965247,10.0
F,0.7226121,0.56252635,0.195,2.0324805,1.0028889,0.432008,0.4847827,10.0
I,0.2351313,0.34422427,0.11,0.31573755,0.44035864,0.051646795,0.14868699,6.0
F,0.67763543,0.53341824,0.19104154,1.6294535,0.64166737,0.34917298,0.49436268,15.0
M,0.7982469,0.62193125,0.30125952,2.729544,1.4164691,0.67242044,0.6631295,12.0
I,0.3639196,0.09,0.15478162,0.26932654,0.13949625,0.037969984,0.15551059,7.0
I,0.11029657,0.090049505,0.00017140212,0.008000899,0.0025162802,0.0005007246,0.00300127,2.034125
I,0.22988383,0.16802618,0.053308863,0.05224442,0.02323614,0.013017298,0.015898993,5.0
M,0.8118759,0.642335,0.96922207,2.8140945,1.4796907,0.74065274,0.91273314,13.0
F,0.5,0.38036388,0.125,0.59783995,0.28942713,0.13235882,0.16118085,6.0
M,0.78516376,0.6103341,0.22295515,2.6379151,1.2919531,0.6088417,0.71786326,14.0
M,0.625,0.4898579,0.16691694,1.1934017,0.520212,0.26192483,0.33864948,10.0
F,0.637213,0.5040706,0.175,1.2960035,0.5388582,0.2851814,0.38466272,12.0
F,0.31337294,0.24611942,0.08,0.16308986,0.04889527,0.038276553,0.05010749,9.0
F,0.6563806,0.515,0.18,1.4342451,0.60699886,0.31113672,0.40950736,11.0
M,0.5174858,0.43,0.125,0.8634344,0.36451766,0.18007226,0.24262998,10.0
F,0.53,0.42,0.15,0.8131915,0.3507278,0.18506297,0.18846779,9.0
F,0.48,0.37890756,0.13,0.56345254,0.21274653,0.12619065,0.18087153,13.0
M,0.70902765,0.5500984,0.195,1.8660517,0.83156574,0.40360555,0.4974321,12.0
I,0.5483434,0.39,0.18558493,1.0924221,0.17492566,0.1739181,0.21787979,5.0
M,0.5700476,0.45,0.15,0.91638213,0.38257414,0.19938457,0.2712536,12.0
F,0.625,0.475,0.175,1.2173523,0.4988104,0.26681998,0.40111127,16.142351
I,0.515,0.39820173,0.12902893,0.5987307,0.27776313,0.13094424,0.17888494,9.0
I,0.110152945,0.09002085,8.52333e-05,0.008000424,0.0025107113,0.0005002659,0.0030003847,2.019644
F,0.44,0.3334405,0.11,0.401188,0.17799781,0.089192614,0.11199701,8.0
F,0.6143441,0.48284656,0.18,1.0584797,0.39125076,0.23671058,0.36670855,12.0
F,0.45944282,0.35469285,0.12,0.46092176,0.19723871,0.10451547,0.13628997,9.0
M,0.515,0.395,0.13,0.6321352,0.28363264,0.14162003,0.18644589,10.0
M,0.8127633,0.64400387,1.0143421,2.8184714,1.4829252,0.7462788,0.9376939,13.0
I,0.555,0.43,0.14,0.7769933,0.35228762,0.16894129,0.22412236,9.0
F,0.29557422,0.2336981,0.08,0.13674681,0.039188717,0.03518625,0.04380457,10.0
F,0.4845701,0.375,0.12199319,0.54843986,0.2425437,0.12308191,0.16218983,9.0
M,0.3483149,0.2660908,0.09,0.20434283,0.07266745,0.04518227,0.06747497,9.0
F,0.28612506,0.22509667,0.078556076,0.12351643,0.035167508,0.03239293,0.03955685,10.0
F,0.81152457,0.64093477,0.80657625,2.804148,1.4737302,0.7362791,0.8816564,12.507774
I,0.62,0.49114648,0.175,1.192923,0.47674876,0.25111908,0.38273504,15.073822
F,0.31810355,0.24729227,0.08017079,0.16808294,0.05383531,0.03858634,0.05094919,9.0
F,0.8145741,0.64863855,1.0872782,2.8248918,1.4867072,0.7580307,0.9983705,15.14823
M,0.15702374,0.11587746,0.041524407,0.016174093,0.0057284147,0.0035002318,0.0068982574,6.0
I,0.11008453,0.09000826,4.0194645e-05,0.008,0.002506528,0.0005000877,0.0030001232,2.0165315
F,0.56358916,0.44,0.15,0.87154907,0.3600763,0.19268894,0.2551815,11.0
I,0.465,0.26159146,0.008632293,0.4159796,0.0049026934,0.03878972,0.013736438,7.0
F,0.5593935,0.435,0.14817242,0.8496798,0.36071092,0.19084165,0.24473566,10.0
I,0.1100099,0.09,3.125113e-06,0.008,0.0025010891,0.0005,0.003,2.003217
F,0.7560835,0.5822577,0.20701632,2.266509,1.0323542,0.48246267,0.58870894,12.0
I,0.585,0.4630277,0.15948774,0.98153293,0.40002847,0.20860876,0.30419698,13.310874
F,0.69184303,0.5234848,0.165,1.7563095,0.81059444,0.39478916,0.42357922,11.0
F,0.8054365,0.632583,0.38227585,2.7470477,1.4054245,0.7024411,0.80731255,13.0
F,0.59172314,0.465,0.16,1.0281636,0.42728588,0.22782157,0.29516625,11.0
F,0.4603274,0.46786535,0.16229965,1.258045,0.40273905,0.018138826,0.13495679,11.0
I,0.11045431,0.09008295,0.0002559483,0.008001513,0.0025213799,0.00050130306,0.0030026117,2.0572898
M,0.7674029,0.5849769,0.21476279,2.4941409,1.2107558,0.5334896,0.610545,13.0
M,0.525,0.40749595,0.13695139,0.7108801,0.29519743,0.15455773,0.21910295,12.0
I,0.38042325,0.29,0.09,0.2722525,0.12433587,0.057796918,0.073859304,7.0
F,0.555,0.43,0.15,0.85332954,0.36967143,0.19133763,0.23931547,9.0
M,0.8125163,0.6435579,0.954091,2.8154306,1.4808956,0.74037766,0.92192125,13.0
M,0.2640125,0.1951873,0.07,0.08463521,0.025776496,0.020578707,0.030977301,8.0
F,0.73975646,0.5798764,0.20612754,2.1857195,0.97305995,0.47255945,0.59294444,13.0
M,0.766676,0.5897457,0.21768008,2.500691,1.1585932,0.5243101,0.64110345,14.0
I,0.12733164,0.09778604,0.010041982,0.009439225,0.003784689,0.0013742448,0.0037290321,3.847501
M,0.5624981,0.43898904,0.149317,0.85911036,0.36521837,0.18647046,0.2518128,11.0
F,0.29072392,0.2208417,0.074962065,0.1227535,0.046487983,0.029581955,0.03554577,7.0
F,0.475,0.37,0.15,0.5612552,0.25592533,0.14811334,0.16779473,9.0
I,0.11328686,0.09157292,0.0021242655,0.008053337,0.002673675,0.00055075035,0.0030776714,2.3488727
F,0.61044914,0.48,0.165,1.1290556,0.48053297,0.25089425,0.3211882,10.0
M,0.575,0.45,0.16,0.973863,0.37735316,0.23118436,0.29887873,13.0
F,0.6531803,0.515,0.17776528,1.405131,0.60809433,0.30983818,0.39835054,11.0
F,0.81493145,0.64974105,1.1004006,2.8255,1.4879816,0.7596471,1.0045607,15.0
I,0.28101066,0.2087326,0.069281705,0.11522113,0.052239865,0.02454995,0.03165133,4.2105975
M,0.5894595,0.46,0.155,0.9946296,0.43671072,0.21855581,0.27976868,10.0
I,0.41060162,0.31753656,0.097710885,0.32875282,0.1521147,0.07100145,0.09176424,7.0
I,0.535,0.41181663,0.14,0.70308286,0.30285215,0.14608315,0.21893257,10.0
M,0.55,0.47541532,0.16,0.8464128,0.40141135,0.1655178,0.23924011,10.0
I,0.80711514,0.14474036,0.17,0.93076086,0.33854175,0.27670667,0.2476965,11.0
M,0.6946832,0.5611398,0.20871532,1.7719069,0.6910956,0.38851932,0.519305,13.819652
M,0.5230985,0.325,0.16,0.95779186,0.39795452,0.22303207,0.33667976,8.0
I,0.39623356,0.3,0.09285544,0.22908543,0.100659326,0.050662003,0.07491953,8.0
F,0.58,0.44389424,0.1867232,0.6434188,0.26111963,0.24323437,0.23606706,9.0
M,0.8143362,0.64747614,1.0870974,2.8247352,1.4874802,0.75637496,0.98261225,13.351537
I,0.44273415,0.34069946,0.10744142,0.3930235,0.17596264,0.08403387,0.11528589,8.0
I,0.525,0.5636146,0.18,0.5836122,0.31720603,0.12652797,0.18158185,9.0
M,0.63,0.48004887,0.165,1.2757716,0.57229644,0.2979684,0.32197562,9.0
F,0.81294185,0.6442449,0.9446483,2.8146675,1.4787173,0.74633205,0.94217306,13.0
M,0.27338013,0.20207767,0.07,0.09601305,0.029706016,0.022418547,0.032740273,8.0
F,0.6538339,0.51,0.18,1.4229501,0.61022073,0.30985665,0.4020673,10.397832
M,0.11441716,0.09130705,0.0070872805,0.008063909,0.0027673347,0.0005564048,0.0031470205,2.3204606
I,0.565,0.44,0.145,0.8290406,0.36726192,0.17985909,0.24229546,9.0
M,0.5688794,0.44,0.15,0.8743366,0.3805639,0.19340573,0.25043198,10.0
M,0.7612251,0.583666,0.21325913,2.4557452,1.2090465,0.51540214,0.5970193,12.0
F,0.73578864,0.57465565,0.2,2.1430564,1.0032071,0.46632424,0.53179836,11.0
I,0.11991871,0.09511176,0.0065249037,0.008533055,0.00327488,0.0009108479,0.0033765407,2.7058914
F,0.615,0.485,0.17,1.1793989,0.46978384,0.25701255,0.35979655,14.0
M,0.43925917,0.33148664,0.10887227,0.40151826,0.18192154,0.08692301,0.1142117,8.0
I,0.2138257,0.15629917,0.04865853,0.04386241,0.020260615,0.011026951,0.013008818,4.01051
M,0.40898517,0.355,0.13,0.5434353,0.26017505,0.07889541,0.12059523,9.0
F,0.3944581,0.30335125,0.1,0.30399606,0.11323388,0.067048796,0.092129625,10.0
I,0.110101596,0.09001182,5.3095162e-05,0.008,0.0025084047,0.00050013646,0.0030001749,2.0149326
M,0.53414273,0.4110831,0.135,0.72243774,0.32236043,0.15912293,0.20553231,9.365025
M,0.62291616,0.47,0.17,1.1410094,0.50090444,0.24639238,0.3551657,12.0
F,0.5029512,0.4013559,0.14,0.9145456,0.27071854,0.21997218,0.3065241,11.0
I,0.11018213,0.09002401,9.743899e-05,0.008000471,0.0025113751,0.00050031196,0.0030005176,2.0260956
F,0.575,0.45,0.16,1.0553659,0.44816858,0.22167653,0.339321,12.0
F,0.61,0.325,0.195,1.1535424,0.20862368,0.032949947,0.0068076826,16.332651
M,0.36526182,0.5379894,0.095,0.9079333,0.13478184,0.10603112,0.1119267,8.0
F,0.5810935,0.46258742,0.155,0.99916404,0.42056143,0.21894822,0.2843421,11.0
F,0.7984283,0.6223988,0.22098295,2.6792777,1.3504008,0.6657462,0.7021281,13.0
F,0.65460294,0.52116376,0.18763009,1.474365,0.5714707,0.30971026,0.46632725,16.441616
I,0.11022709,0.090032175,0.00012351295,0.008000601,0.0025131258,0.00050043897,0.0030007733,2.031347
F,0.4026205,0.30843762,0.1,0.31509182,0.11951399,0.0708059,0.09531973,10.0
F,0.81472564,0.6491561,1.1030055,2.8253174,1.4874176,0.75921273,1.0016574,15.509001
I,0.12709066,0.098785155,0.0110081555,0.00985448,0.0040988103,0.0014402132,0.0037667959,2.7042222
M,0.6036296,0.475,0.165,1.1196105,0.45318946,0.24016601,0.34449804,14.0
M,0.625,0.49398148,0.17,1.221827,0.525859,0.266143,0.3540353,11.0
M,0.54065424,0.42,0.14,0.7699642,0.33335176,0.16819364,0.22297366,10.0
M,0.6,0.475,0.16,1.0830289,0.4593681,0.23507915,0.31424108,11.0
M,0.71768,0.558633,0.19600217,1.9466523,0.88062894,0.41720977,0.50673735,11.143311
M,0.11039525,0.0900218,0.0005329026,0.008000585,0.0025134988,0.00050046534,0.0030030047,2.2634218
I,0.3779512,0.40060663,0.135,0.520077,0.20595926,0.12002695,0.1343773,8.0
F,0.59,0.465,0.16,1.0532926,0.41337636,0.22201349,0.32126507,15.687754
F,0.525,0.4037326,0.135,0.6811676,0.30088198,0.15510862,0.19478059,9.698641
F,0.7210659,0.5127638,0.13837323,1.0353978,1.0271696,0.21970691,0.7853086,2.6980915
M,0.6,0.46,0.14,1.1129107,0.50671,0.20995876,0.29231197,9.0
F,0.72510016,0.57273656,0.20322102,2.0697951,0.8208895,0.4425952,0.60206336,16.0
M,0.812575,0.6433314,1.0019702,2.8176146,1.4830401,0.74540716,0.9219552,13.0
I,0.17663069,0.12615553,0.038632225,0.02460951,0.010701541,0.005500833,0.007610065,3.8614984
F,0.65533346,0.515,0.175,1.4093765,0.63317555,0.31316093,0.38459235,10.0
M,0.59,0.4617244,0.155,1.0032146,0.44248918,0.22049147,0.27930358,10.0
F,0.39852777,0.61396813,0.068722725,0.66178584,0.29966787,0.17375027,0.20954782,14.0
F,0.18157187,0.25603762,0.06501242,0.91753155,0.03358732,0.1974336,0.7015276,2.8270833
F,0.5322884,0.41298097,0.14,0.73580956,0.30860785,0.16297032,0.21678996,10.0
M,0.601204,0.3,0.145,0.86870843,0.32765844,0.18806113,0.25170428,5.8791614
F,0.59,0.4612595,0.15820377,1.0124542,0.4313395,0.22396731,0.28797793,10.0
M,0.8122081,0.37,0.18,1.1003919,0.10840944,0.087739676,0.383306,26.941553
F,0.30558643,0.21455231,0.08314498,0.15028891,0.06315163,0.06353575,0.0401488,6.0
I,0.3934288,0.24889952,0.06089099,0.35943764,0.43627468,0.09940863,0.1405811,9.0
F,0.46623194,0.35937005,0.12,0.4817512,0.21133071,0.109321125,0.14054719,9.0
M,0.79509425,0.62187296,0.5668031,2.7200649,1.3640417,0.6781955,0.7773285,14.0
I,0.45139545,0.33880907,0.10557241,0.36704344,0.18684322,0.07390902,0.13264345,9.468793
F,0.43164828,0.32804078,0.11,0.37761,0.16098411,0.08558398,0.11012781,9.0
F,0.71416533,0.55580693,0.195,1.8497276,0.7931986,0.40797055,0.50600594,12.0
M,0.18786505,0.13449998,0.04780977,0.026361674,0.009474965,0.0064037656,0.010224517,6.0
F,0.80209285,0.62958866,0.23633519,2.7153594,1.3550067,0.68116313,0.815414,14.0
F,0.3794562,0.28270674,0.095,0.27893618,0.12113536,0.056793183,0.073539555,7.0
M,0.585,0.475,0.075729296,0.63650584,0.265233,0.11841455,0.3195879,11.0
M,0.64,0.5043961,0.175,1.3151035,0.5731235,0.287044,0.3773857,11.0
F,0.7253209,0.5657103,0.195,2.0409536,0.94496167,0.44355664,0.50393486,10.0
F,0.6,0.47,0.16,1.0617247,0.4499132,0.23497927,0.30069944,10.0
F,0.36392066,0.28,0.0945967,0.2334651,0.08235875,0.055266198,0.07404386,9.310462
I,0.43648925,0.3301659,0.10498667,0.37688398,0.17236197,0.07979253,0.10834207,7.0
F,0.525,0.405,0.135,0.68880975,0.30118868,0.15625672,0.19882864,10.0
M,0.4230842,0.31389302,0.10729811,0.3744896,0.16707714,0.082064725,0.10940038,8.0
F,0.7278593,0.56801903,0.19668092,2.0586646,0.9348105,0.4478581,0.51618785,11.0
I,0.3385095,0.25767627,0.08,0.17633273,0.070046164,0.037635256,0.058272902,8.0
F,0.80122674,0.62519777,0.2229788,2.7080634,1.3924342,0.684024,0.67168725,12.0
M,0.15821983,0.11775289,0.042487733,0.016257793,0.0049264394,0.0037797806,0.007427532,7.0
F,0.6973454,0.5443235,0.19,1.7241503,0.72779673,0.38061264,0.47773382,11.0
M,0.5392785,0.38929814,0.16093835,0.9878364,0.50254345,0.21817735,0.23090939,9.0
F,0.54586476,0.44,0.15,0.8665373,0.32827294,0.17509691,0.27970704,16.0
F,0.7809605,0.59731513,0.21186158,2.4988263,1.2160367,0.5877501,0.6068356,12.0
M,0.6,0.47,0.16,1.0576601,0.46542034,0.23455964,0.2910654,10.0
F,0.81380105,0.6459971,1.0206873,2.8212197,1.4844855,0.7529605,0.96728057,13.0
I,0.37813246,0.28796884,0.09,0.2605929,0.119945236,0.054599445,0.07427881,6.0
M,0.8142769,0.647294,1.0871571,2.8246377,1.4874009,0.7563193,0.9813179,13.221894
I,0.4735609,0.36002123,0.115,0.47595462,0.22208308,0.102517925,0.13610439,7.474459
F,0.57,0.44731307,0.15,0.9147189,0.39460298,0.20381021,0.25725132,10.0
M,0.11030776,0.09001613,0.00038660914,0.008000436,0.002511641,0.00050032476,0.0030018834,2.1782095
F,0.71104324,0.55,0.195,1.8148391,0.81147075,0.4082378,0.47789383,10.295883
M,0.57,0.4429711,0.15,0.8812845,0.38910156,0.1949895,0.25035986,10.0
M,0.72397125,0.5645227,0.2,2.0725775,0.9804329,0.43924412,0.5090006,11.0
I,0.29745856,0.22331524,0.07058186,0.123525925,0.053658966,0.028071122,0.03674966,6.0
M,0.79832476,0.6223304,0.31924015,2.7298408,1.4143312,0.6722794,0.6772136,12.420228
F,0.53,0.4055906,0.15,0.72339404,0.3000192,0.16843607,0.2057222,9.0
M,0.65,0.51,0.175,1.4030002,0.62699425,0.30577102,0.39160633,10.0
M,0.8028238,0.62892264,0.5440807,2.7601223,1.434792,0.6923098,0.7538204,13.0
F,0.27018332,0.20536613,0.07,0.09724425,0.025306944,0.025282491,0.031661145,9.0
M,0.42060718,0.3250479,0.11,0.37377983,0.13453992,0.082920544,0.12246519,11.0
M,0.684097,0.52799654,0.18956424,1.7345529,0.78969353,0.39072502,0.4379007,10.0
M,0.53,0.405,0.13369027,0.6903408,0.32132137,0.1524421,0.19090955,9.0
F,0.57,0.4414556,0.145,0.8918532,0.40965882,0.19190107,0.24105121,9.0
F,0.20418243,0.45,0.175,0.74696773,0.72256935,0.7536726,0.026156358,2.1357982
I,0.4407925,0.3552047,0.11,0.43700734,0.21964358,0.085938856,0.123137,7.0
I,0.17225085,0.123796955,0.036157206,0.022500347,0.009504288,0.004985817,0.007341368,4.0
I,0.5205687,0.4,0.13040568,0.6415682,0.2875548,0.13624978,0.19887435,10.0
F,0.5708475,0.44966477,0.15,0.9075652,0.3991363,0.20271032,0.2507952,9.0
M,0.63,0.5012545,0.18,1.3127158,0.51277095,0.27508694,0.41789958,16.990917
I,0.635,0.50861174,0.185,1.363193,0.515866,0.2802261,0.44648713,18.171228
F,0.63,0.495,0.17,1.2325227,0.52888536,0.27446717,0.35214046,10.0
M,0.31880695,0.2379522,0.08,0.182934,0.08271008,0.03326043,0.04902271,4.382381
F,0.81394327,0.64622086,1.0271442,2.8221664,1.4856093,0.7535834,0.96888703,13.0
M,0.635,0.5003607,0.175,1.2997537,0.5516448,0.28099254,0.386146,12.0
F,0.61848426,0.475,0.15,1.0693862,0.4722078,0.27123085,0.2921437,8.0
I,0.45015872,0.425,0.14841318,0.124818094,0.2705309,0.17139876,0.11881023,10.0
M,0.27235737,0.20173807,0.07,0.09525781,0.0278611,0.02245575,0.032756876,9.0
I,0.11070933,0.09017222,0.0004227442,0.008003281,0.002532119,0.0005029357,0.0030056208,2.0694764
M,0.63,0.5,0.175,1.2641332,0.537863,0.27198848,0.3686939,11.0
I,0.7292757,0.26094064,0.095,1.0392246,0.126274,0.08686133,0.0063017034,9.0
M,0.66668814,0.525,0.18619771,1.5548376,0.6563249,0.33081135,0.45535216,12.0
M,0.287307,0.21765853,0.076928385,0.11724268,0.03708378,0.0287555,0.04054484,9.0
F,0.65728796,0.5204364,0.18547794,1.466793,0.5842393,0.3117705,0.45356783,14.891395
F,0.8143434,0.64740026,1.0545034,2.824195,1.4870342,0.7560048,0.98419267,13.0
F,0.43916005,0.33533362,0.11,0.39496258,0.16646026,0.08945866,0.1165642,9.0
I,0.27340326,0.20085935,0.06624209,0.091340736,0.03756612,0.020912282,0.030429892,6.0
M,0.5136911,0.395,0.13,0.6273896,0.28451732,0.14073329,0.1836766,9.954662
M,0.7015286,0.5498596,0.19068444,1.7980288,0.82660526,0.3920439,0.46827543,10.0
I,0.28743896,0.21590924,0.07,0.116160676,0.05011288,0.026067283,0.033754513,6.0
F,0.6317871,0.50149876,0.17259291,1.2713727,0.53998893,0.2994407,0.36236686,11.0
F,0.62,0.49,0.17336926,1.1997627,0.4821368,0.26190275,0.3641336,13.0
I,0.1134272,0.091701485,0.0022972836,0.008066478,0.0027035263,0.0005612811,0.0030800435,2.2113168
F,0.50562984,0.39152697,0.135,0.617523,0.26646933,0.14086214,0.1840627,10.0
I,0.11029368,0.090043835,0.00015869808,0.0080007715,0.0025153272,0.00050062494,0.0030012175,2.0429335
F,0.6794614,0.5282409,0.18317756,1.5956833,0.69355524,0.36259905,0.43143648,10.0
M,0.6677488,0.525,0.18597014,1.6345191,0.57759464,0.30855924,0.53067994,14.631226
F,0.49379176,0.38,0.13,0.5652817,0.24592979,0.13002452,0.16329232,10.0
M,0.51592654,0.39337274,0.125,0.67286855,0.30948424,0.14847417,0.18241733,9.0
I,0.3881103,0.29782555,0.09489255,0.27467507,0.1207417,0.057247434,0.08143169,8.0
M,0.27616778,0.20411904,0.07,0.09952948,0.034151126,0.022913499,0.033116125,7.0
F,0.37892604,0.2931422,0.1,0.27717724,0.09719544,0.062425975,0.08342897,9.644516
F,0.81108,0.6404144,0.7710827,2.7996073,1.4681971,0.73375326,0.87792957,13.0
I,0.11009135,0.09000973,4.2148586e-05,0.008,0.0025072973,0.00050009857,0.0030001404,2.0176368
F,0.5979518,0.27033037,0.135,0.8580046,0.18763693,0.14273499,0.020055901,12.0
F,0.8031113,0.62843204,0.22433697,2.7267873,1.3964157,0.69316936,0.74112314,12.876461
F,0.625,0.49185476,0.17,1.2122597,0.5054191,0.2676084,0.35437116,11.0
M,0.7286879,0.5745444,0.20944062,2.1544454,0.916695,0.4469754,0.6052847,15.0
F,0.78558564,0.60157776,0.2121175,2.5533805,1.2921726,0.61238164,0.59910166,11.0
I,0.48911777,0.37663877,0.12,0.5199758,0.23819783,0.11132694,0.15504812,9.0
F,0.3615912,0.27827862,0.09026804,0.22480033,0.08298158,0.052183982,0.07199225,9.0
M,0.81481564,0.64928883,1.1107879,2.8254654,1.4879589,0.75895625,1.0014447,14.0
I,0.12766835,0.09894399,0.01116254,0.009878945,0.0040538074,0.0014573837,0.003833923,3.1868985
F,0.7893025,0.60926026,0.2149355,2.5845728,1.2779993,0.62518847,0.6195999,12.0
F,0.59,0.47,0.17,1.0838263,0.4190292,0.23035602,0.33695483,14.390247
I,0.44738823,0.34454706,0.11,0.40572613,0.18312345,0.0861345,0.11733604,8.0
M,0.8020762,0.6306087,0.61433315,2.7569742,1.4110911,0.6857602,0.8318555,14.0
M,0.6,0.4702164,0.155,1.0626596,0.48180225,0.23356172,0.2850407,9.0
M,0.61892855,0.485,0.16918609,1.1717311,0.49567452,0.2559688,0.34360152,11.0
I,0.11000133,0.09,0.0,0.008,0.0025003194,0.0005,0.003,2.0009353
M,0.7774732,0.59500384,0.21675266,2.570048,1.2955984,0.5808125,0.6079103,12.0
F,0.693288,0.5382059,0.1868497,1.6871825,0.73123133,0.37661698,0.45398077,10.0
F,0.8040491,0.6324718,0.3741192,2.7341769,1.3713788,0.6911624,0.84367037,14.0
F,0.3846368,0.3,0.1,0.28341207,0.10710372,0.063015595,0.084593825,9.0
I,0.45249954,0.3450768,0.11,0.41901633,0.18949851,0.088180155,0.11948304,8.0
F,0.48349512,0.3721616,0.125,0.5369307,0.24534857,0.12289915,0.15241882,9.0
I,0.44073325,0.33978516,0.10633877,0.388928,0.17453808,0.08354276,0.11326772,8.0
I,0.11176292,0.090742104,0.0010991644,0.008016258,0.002584084,0.0005153836,0.0030267946,2.1508236
F,0.6901244,0.53703344,0.18795694,1.6730448,0.7122215,0.37111598,0.46168858,11.0
I,0.55,0.47984058,0.155,0.8738656,0.26689506,0.17072812,0.26627332,10.0
I,0.11,0.09,0.0,0.008,0.0025001788,0.0005,0.003,2.00055
I,0.11797296,0.09410628,0.005388695,0.008366561,0.0031284182,0.0007953566,0.0032726747,2.400805
M,0.62,0.4855917,0.17,1.1855497,0.50189704,0.25372824,0.35288012,11.0
I,0.11169266,0.09070502,0.0008366559,0.008018581,0.0025876355,0.0005122602,0.003025996,2.156359
M,0.59151274,0.465,0.155,1.0126681,0.44289622,0.2220646,0.28614125,10.0
I,0.7320202,0.09000517,0.7575152,1.0742129,0.08285212,0.24983887,0.056269113,16.504879
M,0.11077269,0.09005632,0.0011315097,0.008001314,0.0025186178,0.0005012422,0.003010404,3.3765154
M,0.34152558,0.2632154,0.08921797,0.19872695,0.06260299,0.044477727,0.06642208,10.0
I,0.28720647,0.21615478,0.07,0.11842391,0.048911016,0.026538668,0.03465963,6.0
M,0.11228081,0.0903863,0.0035706053,0.008010265,0.0025596584,0.00051121117,0.003066433,4.0
M,0.7308798,0.57044995,0.20293476,2.1689725,1.0418401,0.4585935,0.53199476,11.0
I,0.5251691,0.405,0.13166496,0.64239657,0.2936062,0.13961178,0.19213103,9.0
M,0.22889371,0.16929856,0.062649295,0.052072592,0.014344965,0.013978825,0.020877209,9.0
F,0.4603817,0.36,0.125,0.5067486,0.18857166,0.112184145,0.1644565,12.621112
F,0.19868799,0.13992035,0.047575124,0.032481577,0.011145263,0.008562814,0.010341951,6.0
F,0.565,0.45,0.145,0.89907527,0.4118271,0.18593824,0.23950842,9.0
F,0.39845076,0.3048723,0.16,0.58679473,0.38557535,0.20595412,0.13364834,11.0
F,0.39622405,0.3001664,0.1,0.30455297,0.12214811,0.06614253,0.087933324,9.0
M,0.74138844,0.5829338,0.2149949,2.3576307,1.0113823,0.4754666,0.66713494,16.0
I,0.51921993,0.4,0.13,0.61195225,0.27891576,0.1321081,0.18396619,9.0
F,0.46774465,0.36,0.12,0.4877174,0.20927846,0.11099501,0.1450357,10.0
F,0.6892603,0.35,0.19,1.5040783,0.45271307,0.24920294,0.33381444,26.90185
M,0.78236794,0.6001195,0.21811406,2.6087446,1.335444,0.60361445,0.606321,12.0
I,0.11108102,0.0903407,0.0006571204,0.008006666,0.0025497482,0.00050615164,0.0030115452,2.09763
M,0.7894964,0.6089393,0.22091301,2.6663017,1.3815085,0.63586587,0.6104942,12.0
M,0.635,0.46,0.16809265,1.1359158,0.5147977,0.24290578,0.3049836,12.0
I,0.4375752,0.3309917,0.105,0.3768744,0.17138436,0.08006627,0.10915802,7.0
I,0.26419926,0.19400306,0.059611,0.0870621,0.038152963,0.01934785,0.025988678,5.0
I,0.56174725,0.091216534,0.063862,0.5448355,0.0043353373,0.059185628,0.1561912,11.0
M,0.51230067,0.395,0.135,0.6353299,0.27442366,0.1416642,0.1941813,11.0
F,0.8130378,0.64583576,1.022393,2.8174193,1.473949,0.74861836,0.9785358,15.405551
M,0.12998447,0.09995714,0.022911333,0.009337403,0.0038598268,0.0014120386,0.0041923337,4.0
F,0.615,0.48337013,0.165,1.1451745,0.49320066,0.25677648,0.32127702,10.0
I,0.11698732,0.16846493,0.0012787972,0.72515863,0.55190104,0.12941574,0.3118684,6.0
F,0.42460176,0.25257733,0.14,0.40464583,0.038831875,0.03842284,0.17544882,7.0
I,0.6406138,0.51078635,0.1889286,1.4355975,0.53899336,0.2939648,0.46680206,18.57835
M,0.64,0.50801504,0.18,1.361291,0.5547547,0.2897714,0.41653877,14.0
F,0.44119254,0.2071186,0.111497104,1.039396,0.13048154,0.19886632,0.2725862,11.0
F,0.80075073,0.62439495,0.22172461,2.7058506,1.390725,0.6795831,0.6737759,12.0
F,0.47042075,0.36,0.12,0.48936206,0.21870741,0.110918224,0.14066747,9.0
M,0.6256745,0.5043495,0.185,1.3529763,0.49151355,0.27548158,0.4611904,21.163609
M,0.22230247,0.16431876,0.061256953,0.04693828,0.012698891,0.012990531,0.018779118,9.0
F,0.6043774,0.475,0.165,1.0963383,0.45803893,0.24294898,0.31486055,11.0
F,0.3614606,0.27561012,0.09,0.22033052,0.088411614,0.049760424,0.06833979,8.0
F,0.5702478,0.42561352,0.165,1.1912913,0.49405083,0.29568878,0.25436297,9.0
M,0.814708,0.64885694,1.1082486,2.8253977,1.4878933,0.75874025,0.99784577,14.0
M,0.7927029,0.6150707,0.22337185,2.689374,1.3823546,0.6466831,0.62584424,12.292835
I,0.11,0.09,0.0,0.008,0.0025002593,0.0005,0.003,2.0007567
M,0.6221586,0.4984565,0.175,1.2669953,0.48836342,0.26174036,0.41179356,17.663242
M,0.615,0.485,0.17,1.1830524,0.48265773,0.2548326,0.36155093,13.71219
M,0.3114719,0.23227519,0.08,0.14782293,0.061256118,0.033094473,0.046181113,6.0115433
F,0.645,0.27676076,0.002478948,0.47638518,0.24176823,0.34700716,0.6734952,13.746885
M,0.49742174,0.38154975,0.125,0.57379514,0.2566824,0.12853302,0.16944663,9.105017
F,0.69205344,0.5380955,0.18919902,1.6836629,0.71491444,0.37284634,0.46495438,11.0
I,0.13561222,0.09043195,0.08860248,0.3053413,0.06666323,0.1164026,0.015113218,7.0
I,0.6,0.405,0.14,0.9647705,0.41570425,0.20195302,0.21093772,10.0
I,0.16633204,0.12021668,0.03268102,0.02023237,0.008401536,0.004385473,0.006876517,4.0342913
M,0.66866666,0.525,0.18563811,1.5437747,0.6582827,0.33504632,0.44688165,11.0
M,0.6371781,0.3,0.19095773,1.1600002,0.52643496,0.37643287,0.26501176,8.0
I,0.475,0.38,0.13,0.44453207,0.12894528,0.08547616,0.16402872,10.0
F,0.81018,0.63826877,0.668716,2.7929277,1.464992,0.73009384,0.8408465,12.0
M,0.6256849,0.466672,0.165,1.1989964,0.54219186,0.27277204,0.36314952,10.0
I,0.6,0.47159478,0.16,1.0475216,0.4391514,0.22291705,0.31395334,11.0
F,0.595,0.47,0.16226205,1.0594778,0.43354413,0.23172209,0.31255707,12.0
I,0.11003637,0.09000299,1.548751e-05,0.008,0.0025036696,0.0005,0.003,2.0095077
M,0.5730784,0.465,0.175,1.5357987,0.5171529,0.19633791,0.37251002,12.0
I,0.110094994,0.09001024,4.7640093e-05,0.008,0.0025077034,0.00050011533,0.0030001516,2.0153522
M,0.6387031,0.50293684,0.175,1.3081114,0.5724463,0.28583673,0.3728604,11.0
I,0.11014055,0.09001632,7.125652e-05,0.008000334,0.002509572,0.0005001983,0.003000316,2.0230033
F,0.61,0.47878557,0.165,1.1254447,0.4752961,0.24877019,0.32245058,11.0
I,0.38285357,0.29,0.09,0.2616048,0.11504016,0.052718595,0.08350621,7.0
M,0.625,0.5,0.18,1.3078437,0.49083078,0.27026463,0.4369915,19.0111
F,0.8129604,0.6436859,0.93179,2.8151264,1.4808784,0.74736834,0.92753726,13.0
M,0.54809135,0.425,0.145,0.803894,0.35265332,0.17614847,0.21975222,9.0
M,0.625,0.49,0.17,1.1987787,0.51700145,0.26214248,0.34403485,11.0
I,0.11296315,0.09141246,0.0019275397,0.008045462,0.002657995,0.0005429992,0.0030646967,2.2502043
F,0.81481725,0.6494048,1.106246,2.8254397,1.487803,0.75944835,1.0032005,15.357645
F,0.49328622,0.38,0.13,0.5748796,0.25987384,0.13494217,0.16438572,9.0
F,0.3693613,0.28451833,0.095,0.24774411,0.09011975,0.057377037,0.07671331,9.0
F,0.25396392,0.19511336,0.06885279,0.08114396,0.019568594,0.021618558,0.028775794,9.099113
I,0.20158212,0.14519204,0.04559209,0.03795938,0.017615126,0.009082803,0.010994037,3.9073448
M,0.5884546,0.46,0.155,0.9897488,0.4377786,0.21787773,0.27631465,10.0
F,0.61,0.476233,0.165,1.1189839,0.47516707,0.24741128,0.3200101,10.86456
I,0.35964525,0.27420643,0.08,0.20938554,0.09190579,0.041898813,0.06460174,7.0
M,0.7233332,0.56389517,0.2,2.0546777,0.9394259,0.43721217,0.5177578,11.0
M,0.6753884,0.525,0.185,1.605258,0.70183784,0.34920934,0.44044983,11.0
F,0.595,0.47,0.165,1.0779154,0.42410573,0.23265663,0.32843694,14.0
F,0.81292254,0.6439684,0.9352101,2.8145735,1.4795704,0.7465383,0.93480605,13.0
F,0.465,0.355,0.11706178,0.47202525,0.2131152,0.10597857,0.13423578,8.0
I,0.36946627,0.28,0.09,0.22516459,0.097261526,0.04728584,0.07083462,8.0
M,0.565,0.44,0.145,0.85515547,0.3652025,0.1843811,0.2504366,10.923554
I,0.45465335,0.35,0.11,0.42790043,0.19077113,0.08978686,0.1240055,8.0
M,0.5418602,0.4199177,0.14,0.7689868,0.34770587,0.16872492,0.20999078,9.0
M,0.68931013,0.63996905,0.16,2.1096964,0.65288997,0.29217455,0.4314578,8.0
F,0.5578988,0.435,0.145,0.844181,0.36863026,0.18875515,0.2379066,9.0
M,0.76520413,0.5843849,0.21392208,2.4762204,1.2090968,0.5281741,0.6039558,13.0
F,0.7199047,0.09,1.103625,1.309299,0.13541523,0.07239087,1.0042853,11.0
M,0.112174086,0.09034961,0.0034531895,0.008011397,0.002576667,0.0005115513,0.003056278,2.8903854
F,0.615,0.485,0.17426147,1.1849487,0.4635516,0.2567382,0.36824965,15.0
I,0.32595864,0.24716344,0.08,0.1749174,0.076419495,0.036094666,0.048917923,6.0
M,0.5675934,0.4,0.07,0.87236166,0.36600915,0.25796157,0.06640755,6.0
M,0.61,0.47753435,0.165,1.1199268,0.48238963,0.24490927,0.32131836,11.0
I,0.38116327,0.26913175,0.054769374,0.05760916,0.098579556,0.022851957,0.265,6.097489
F,0.495,0.55,0.14,1.1392667,0.5899821,0.30578044,0.062256075,9.0
M,0.5828042,0.455,0.15,0.9626846,0.4296621,0.2117453,0.26749578,10.0
M,0.7177511,0.55818343,0.19625002,1.9303797,0.8789109,0.41149157,0.50634426,12.0
M,0.48,0.37164143,0.125,0.53584975,0.22390965,0.11956662,0.16862743,11.0
F,0.6019444,0.5231186,0.175,1.536214,0.4697782,0.2848815,0.30525216,14.0
M,0.7068784,0.55,0.19350234,1.8449957,0.83407694,0.40108243,0.48796183,11.0
F,0.57,0.4334468,0.15,0.87174976,0.3803305,0.18291447,0.24317563,9.0
M,0.5783856,0.51,0.17,1.7601557,0.63972765,0.39183396,0.41377217,10.0
M,0.7351216,0.5762478,0.20827322,2.1865716,1.0015883,0.4667402,0.5771671,13.0
I,0.54122025,0.4,0.13,0.5745058,0.33689284,0.12046917,0.14039925,7.0
F,0.45986858,0.35436934,0.119068064,0.46089002,0.19914418,0.10445647,0.13516113,9.0
F,0.51717186,0.3998906,0.135,0.64577216,0.2871228,0.14731824,0.18820916,10.0
F,0.6372787,0.501225,0.175,1.2875506,0.5510725,0.2874117,0.36790946,11.0
M,0.8024172,0.62765366,0.49874508,2.7578306,1.4382474,0.69183564,0.71740335,12.104103
M,0.43234545,0.38342556,0.13,0.39479125,0.1689479,0.14558399,0.1386589,10.0
F,0.7155258,0.5574543,0.19321881,1.857524,0.80405736,0.40586194,0.5064558,12.0
I,0.71158373,0.43894887,0.125,0.7615532,0.34743288,0.09942968,0.084671445,11.0
F,0.25583178,0.19465452,0.068534516,0.08097494,0.020773945,0.02140018,0.028492453,9.0
I,0.11299771,0.091460615,0.0019380663,0.008041551,0.0026539168,0.0005412165,0.0030689547,2.379408
M,0.46466312,0.355,0.115,0.4700988,0.20915048,0.10444512,0.13962774,9.0
I,0.41495326,0.3134422,0.1,0.32075578,0.14421917,0.06574539,0.0946029,8.0
M,0.59,0.46,0.155,0.99175936,0.44220772,0.21871679,0.27433032,9.0
F,0.62,0.48918822,0.17343754,1.1944286,0.47730315,0.2603435,0.36498904,14.0
F,0.12865064,0.09811679,0.015680714,0.009022881,0.003568915,0.0013408668,0.0037716178,4.0
I,0.11208373,0.09090622,0.0013126227,0.008022155,0.002602096,0.0005210887,0.0030358287,2.1854243
M,0.5471998,0.42466187,0.14,0.77885216,0.342695,0.17119686,0.22237746,10.0
F,0.6776671,0.53631514,0.195,1.6587838,0.63046944,0.35019788,0.5145836,17.0
I,0.53,0.4094772,0.13,0.6598595,0.31140184,0.14460179,0.19116509,8.0
F,0.28057322,0.21840446,0.07488262,0.11401772,0.031952724,0.029811848,0.035560004,9.0
M,0.49986503,0.3852244,0.135,0.626253,0.26450342,0.14838623,0.19144982,9.248458
F,0.635,0.5,0.175,1.2715511,0.5414978,0.28220654,0.3645804,11.0
M,0.71883553,0.5616079,0.2,1.9799371,0.8537439,0.41624415,0.5417453,13.5804615
F,0.7349515,0.57676625,0.20468597,2.1397736,0.9117502,0.4596132,0.591692,13.1996565
F,0.59404665,0.465,0.16,1.0270554,0.43901974,0.22731337,0.28963464,10.0
F,0.4382046,0.3310623,0.10975046,0.39667103,0.17733698,0.087688036,0.110027984,8.0
I,0.11000205,0.09,0.0,0.008,0.0025003846,0.0005,0.003,2.0012023
I,0.37011197,0.28,0.09,0.23018171,0.103083156,0.047996037,0.07101175,7.0
I,0.110029295,0.0900013,1.703615e-05,0.008,0.0025012153,0.0005,0.003,2.0083802
M,0.585,0.6469824,0.155,1.9593551,1.4456487,0.31651324,0.5086643,4.9209194
I,0.33402318,0.19808006,6.2287574e-05,0.71638465,0.05779963,0.46582812,0.11893148,9.0
I,0.110021286,0.09000144,8.8062625e-06,0.008,0.0025024714,0.0005,0.003,2.0049825
F,0.6812133,0.53449315,0.1907504,1.6262188,0.6642751,0.35730287,0.48051023,12.0
F,0.5210278,0.40144277,0.13836859,0.6748171,0.2895987,0.15287356,0.20158172,10.0
M,0.8141384,0.6468789,1.0800864,2.8242347,1.4871669,0.75533277,0.9758089,13.0
I,0.575,0.45,0.15,0.8848258,0.3845628,0.18905157,0.265,10.0
F,0.56913525,0.44,0.14871989,0.8749646,0.3895691,0.19608244,0.24312004,9.0
I,0.14986748,0.108833134,0.023060665,0.015439213,0.006764629,0.0029670803,0.005421259,3.82268
M,0.5866049,0.46,0.155,0.98867637,0.4354619,0.21795976,0.27710775,10.0
M,0.68216807,0.53490996,0.19232112,1.7011372,0.69451094,0.36016735,0.49468213,14.0
M,0.33438236,0.2501947,0.089175664,0.18215413,0.062249377,0.039981082,0.05952345,9.0
I,0.57,0.44578916,0.14606243,0.855014,0.3721908,0.18205775,0.25513783,10.0
I,0.617982,0.6492444,0.0013062616,1.9396135,0.84420836,0.29191643,0.5622567,26.950897
M,0.14008188,0.1061964,0.031832453,0.011344312,0.0044450574,0.002161454,0.005181926,5.0
F,0.475,0.36147568,0.12,0.4980628,0.22455832,0.11414507,0.14255543,9.0
I,0.60185695,0.475,0.16,1.0615934,0.4425822,0.22455375,0.32179597,12.0
F,0.24166718,0.1759849,0.061940018,0.062396742,0.02079204,0.016019937,0.01922145,7.0
I,0.5825868,0.45873946,0.155,0.9382915,0.39873478,0.19903052,0.28601065,11.0
I,0.23419848,0.27741435,0.125,0.6172984,0.25215858,0.100037895,0.25791836,5.0
F,0.595,0.475,0.16666596,1.0997393,0.42336294,0.23548004,0.34259066,15.964155
M,0.112154506,0.09039712,0.0036055238,0.008015657,0.0026116916,0.0005140449,0.003048457,2.1771057
F,0.56190354,0.44558787,0.15,0.908529,0.38550794,0.20364183,0.25025198,10.0
M,0.66,0.515,0.17712285,1.4708921,0.67832804,0.31995958,0.38696986,9.948825
I,0.16282089,0.117896594,0.031004254,0.020058155,0.00862037,0.0042658052,0.0064370036,3.8055534
I,0.6,0.475,0.16111304,1.0481658,0.43129602,0.22037275,0.32321978,13.0
F,0.27774534,0.20814645,0.07,0.10369386,0.035915766,0.025295025,0.03183608,7.0
F,0.38877934,0.3,0.1,0.29552892,0.11995078,0.06370976,0.08393637,8.0
F,0.79722416,0.61978394,0.2200131,2.6813426,1.366501,0.66836876,0.6513847,12.0
F,0.48,0.37019673,0.125,0.52938014,0.23976424,0.12135279,0.15277009,9.0
F,0.565,0.44,0.15,0.8754064,0.36474314,0.1944822,0.2577422,11.0
I,0.112562336,0.09118161,0.0016561297,0.008034475,0.0026336964,0.0005326183,0.003050349,2.2003038
I,0.4774248,0.36944562,0.118895836,0.49029705,0.22477818,0.10514088,0.14298867,8.0
M,0.635,0.5,0.175,1.282117,0.56058127,0.27977502,0.36517546,11.0
M,0.57,0.45,0.15465428,0.9252604,0.35813066,0.19605361,0.29085818,15.0
I,0.14751607,0.10994618,0.021406371,0.015350761,0.0064005554,0.0028779998,0.005183736,3.6883168
I,0.3766495,0.28491893,0.09,0.2493757,0.11241041,0.052419253,0.07413924,7.0
F,0.6709267,0.51969975,0.18,1.4336033,0.6397035,0.35601258,0.3554906,9.591237
F,0.2924166,0.2259819,0.07820941,0.12540887,0.040360454,0.031910054,0.039622042,8.0
M,0.5471686,0.47,0.17598774,1.1315995,0.49710953,0.22030202,0.36074165,16.0
M,0.4870861,0.37072986,0.12,0.5432122,0.2593822,0.12031097,0.15032704,7.903671
M,0.62230057,0.49,0.17,1.2047554,0.5013734,0.26080513,0.35777128,12.0
F,0.79047215,0.6129821,0.21740504,2.5934875,1.2494204,0.62951064,0.6738249,13.0
I,0.11008367,0.09000889,4.145203e-05,0.008,0.0025070577,0.0005000958,0.0030001176,2.013408
F,0.53,0.4082183,0.13864188,0.7073168,0.30998337,0.1591232,0.20232959,9.73877
M,0.4386962,0.33283347,0.11,0.39557838,0.1698487,0.087418914,0.118397474,9.0
M,0.45460898,0.30566522,0.0816908,0.34203622,0.19898629,0.083989784,0.10898143,11.0
F,0.62896603,0.48,0.18,1.2740866,0.54739493,0.2729846,0.35110706,13.0
M,0.75790125,0.56087345,0.18,1.7671341,0.85463285,0.41114902,0.4416038,10.0
F,0.7105629,0.5553966,0.19518939,1.8916568,0.7715782,0.40272138,0.55196714,15.0
F,0.38986802,0.2998987,0.1,0.31067953,0.13596115,0.06409288,0.08251779,7.0
M,0.8144741,0.6479297,1.0969067,2.825086,1.487699,0.757476,0.9887157,13.486787
F,0.80833244,0.6359155,0.5425546,2.7761676,1.4474738,0.71759766,0.81526625,12.380996
F,0.5806547,0.4654514,0.165,1.0557028,0.38226095,0.22197343,0.33864778,18.321823
M,0.5363743,0.405,0.135,0.78517354,0.34703147,0.1780668,0.22828181,9.0
F,0.72245246,0.5637704,0.1980623,1.9647695,0.8457792,0.42678827,0.5312907,12.0
F,0.79069346,0.6104844,0.21493243,2.6004488,1.3034613,0.6315753,0.61712927,12.0
F,0.674596,0.52533036,0.185,1.5648986,0.6643306,0.3456417,0.44536254,11.0
M,0.18410356,0.24509422,0.16,0.789138,0.28802186,0.07612846,0.233013,12.0
M,0.48,0.378972,0.125,0.57205504,0.23680025,0.13971363,0.19516501,10.0
I,0.11030341,0.09005187,0.00017725397,0.008000947,0.0025166583,0.000500764,0.0030013274,2.0338123
I,0.11009642,0.09001089,4.967688e-05,0.008,0.002508021,0.00050012395,0.0030001574,2.014615
F,0.8137464,0.64651483,1.0234492,2.8202505,1.4808645,0.7517409,0.9782093,15.0
I,0.19833991,0.14320776,0.044430055,0.03523409,0.01557465,0.008411208,0.01072744,4.0
F,0.44186556,0.5681893,0.16,1.7042756,0.43879846,0.19596973,0.19046329,12.0
M,0.6226183,0.48747462,0.16744642,1.1906486,0.5164216,0.26016462,0.34037215,10.0
M,0.5883994,0.46500984,0.145,1.048485,0.48704648,0.22552751,0.2751199,9.0
M,0.81191957,0.64244366,0.9721093,2.8142924,1.4797274,0.7410167,0.91471267,13.0
I,0.2531719,0.1856519,0.060974836,0.07096369,0.030935368,0.016516877,0.02262924,5.9142323
F,0.6626959,0.525,0.18,1.5113573,0.63130224,0.33730015,0.4342978,13.0
M,0.43058363,0.325,0.105,0.37739494,0.16424634,0.08360966,0.11155109,9.0
M,0.8136541,0.6457877,1.0559698,2.8224297,1.4859086,0.75183177,0.9622125,13.192974
I,0.26283145,0.19338301,0.063033536,0.084289156,0.036708273,0.01906977,0.02599783,5.0
F,0.61,0.47762913,0.165,1.1220267,0.48402867,0.2501083,0.31334597,10.0
F,0.70715547,0.51,0.15,1.1755008,0.50549626,0.29393107,0.23772399,12.0
F,0.575,0.45,0.155,0.9301152,0.3876095,0.20575383,0.27298117,11.0
F,0.7152828,0.554984,0.19059427,1.8525597,0.84308374,0.4130406,0.48191,10.0
M,0.645,0.51,0.17836942,1.3750256,0.5886572,0.29750228,0.40201738,12.0
I,0.34787413,0.2638803,0.08274894,0.19557585,0.08424522,0.040235825,0.060400743,7.0
F,0.625,0.49,0.169617,1.1948342,0.5135991,0.2660477,0.33737087,10.0
I,0.110691234,0.0901598,0.00040355872,0.008003009,0.0025306835,0.00050269713,0.003005362,2.0747552
M,0.6832364,0.5316085,0.18711664,1.6769145,0.7384294,0.3648207,0.4487409,11.0
I,0.475,0.36625925,0.11859726,0.48009464,0.21517348,0.10304986,0.14306761,9.0
M,0.81420124,0.64715004,1.0861859,2.8244145,1.4871358,0.756265,0.9801825,13.794044
F,0.55910325,0.43615115,0.15,0.85897565,0.35853937,0.19038115,0.25011694,11.0
F,0.65582067,0.515,0.18,1.4328281,0.5983089,0.31086197,0.41703945,12.0
I,0.30676645,0.23004472,0.073505834,0.1318075,0.05807011,0.030077863,0.040328443,6.0
M,0.7865448,0.6098632,0.22214298,2.6442597,1.3223987,0.61171544,0.67096806,13.0
M,0.5538354,0.4291139,0.14,0.80976915,0.3656595,0.17813747,0.2254793,9.0
M,0.7853374,0.60292506,0.2188835,2.634787,1.3637536,0.6190747,0.6029679,12.0
F,0.625,0.49,0.17,1.2000185,0.5011304,0.2648831,0.35031417,11.0
I,0.111963205,0.09082742,0.0012106759,0.008018624,0.0025920863,0.0005178756,0.0030329542,2.2186875
F,0.595,0.46674985,0.16,1.0380452,0.4431111,0.23018163,0.29188666,10.0
M,0.4077184,0.3071153,0.1,0.32520637,0.13615917,0.07052641,0.09751526,9.0
I,0.12207308,0.096263,0.007847929,0.008808801,0.0034782044,0.0010690796,0.0034929446,2.8312695
M,0.6352798,0.50251323,0.17,1.2838807,0.57057977,0.2842166,0.36014026,10.0
M,0.625,0.5,0.18088937,1.3225623,0.49639243,0.27113664,0.4380117,18.742609
F,0.58070296,0.455,0.155,0.96926296,0.41790238,0.21549718,0.2728504,10.0
F,0.6,0.47188267,0.16,1.0773598,0.4555801,0.23851116,0.30472204,10.0
M,0.8141917,0.64701223,1.082545,2.8244023,1.4872904,0.7556608,0.9773099,13.0
I,0.19703951,0.1422046,0.044013917,0.033190142,0.013862691,0.007957935,0.010652314,5.0
I,0.11,0.09,0.0,0.008,0.0025002079,0.0005,0.003,2.000579
M,0.6801504,0.5340952,0.18176842,1.5916519,0.699035,0.33959383,0.44878542,11.0
I,0.114302956,0.092110716,0.0027910857,0.0080988,0.0027586715,0.0005910074,0.0031143664,2.4504533
M,0.505,0.38811782,0.12649785,0.59501165,0.2719345,0.1345228,0.17533043,9.0
I,0.111756556,0.09073765,0.0010948465,0.008016137,0.0025836641,0.0005152691,0.0030266342,2.1506305
F,0.7283563,0.56427854,0.19510137,2.0161214,0.9093183,0.44553217,0.51443493,10.0
M,0.535,0.415,0.14,0.7458078,0.31916386,0.16149195,0.21878165,10.0
F,0.20670332,0.14433123,0.049667414,0.037761286,0.014519412,0.009704536,0.011162677,5.0
I,0.22852647,0.16707884,0.0528724,0.051774245,0.02331035,0.012911074,0.015529471,5.0
I,0.11013196,0.09000573,9.624713e-05,0.008,0.0025044547,0.0005000868,0.0030001816,2.036755
F,0.5373233,0.41683537,0.14,0.75030106,0.32625833,0.17168331,0.20466201,9.0
M,0.6369202,0.50153166,0.175,1.3025165,0.568183,0.28404942,0.3726435,11.0
F,0.80821896,0.6368971,0.5841915,2.7736323,1.4332446,0.7159526,0.85436285,13.0
F,0.62,0.485,0.165,1.1690413,0.49609518,0.26148164,0.33015144,10.0
M,0.641533,0.51,0.18,1.3738006,0.5598157,0.29282802,0.42418438,14.0
M,0.1894233,0.13365321,0.04817341,0.028437445,0.011992298,0.006584604,0.009899824,4.0
M,0.57,0.17191859,0.145,0.48763284,0.10104833,0.08454183,0.2590759,10.0
F,0.47251582,0.3716161,0.125,0.52741903,0.21096916,0.11679574,0.15599853,11.0
I,0.11003788,0.09000308,1.6472386e-05,0.008,0.0025038098,0.0005,0.003,2.007915
M,0.81054723,0.6397145,0.89792466,2.8072014,1.4757986,0.73400676,0.86615443,13.0
I,0.4861904,0.375,0.12,0.51572746,0.23505335,0.110042624,0.15327573,9.0
F,0.6,0.47,0.16,1.0651002,0.45144007,0.23653933,0.30115443,10.0
M,0.58,0.47,0.16113703,1.0195035,0.39410573,0.2133383,0.33485758,18.402552
I,0.27476823,0.3354957,0.1,0.85196054,0.0133274235,0.15801041,0.11962535,10.0
F,0.23825656,0.1700826,0.06053461,0.060932238,0.023445038,0.014821271,0.017040022,5.0338273
I,0.38294175,0.29,0.09496753,0.2766746,0.122094005,0.056839406,0.08103279,8.0
F,0.43678296,0.33466873,0.07053483,0.3813282,0.13738908,0.10029717,0.0752767,5.816876
F,0.65421736,0.515,0.17583475,1.4094801,0.60981864,0.31011224,0.39868075,11.0
I,0.11032388,0.09005738,0.00019097574,0.008001053,0.0025175274,0.00050085847,0.0030014936,2.034833
F,0.5,0.32440326,0.16,0.32874957,0.15643734,0.15502016,0.12793961,9.0
F,0.6164023,0.485,0.16640924,1.157882,0.48608133,0.25707155,0.33665234,11.0
I,0.11214041,0.09092572,0.0013383401,0.008022539,0.0026030873,0.00052162725,0.0030379537,2.2194173
M,0.48684418,0.31267327,0.12436035,0.47960684,0.23936482,0.109481305,0.12761584,8.0
F,0.77005744,0.5836279,0.20257726,2.3466258,1.1285988,0.53713953,0.5825718,11.0
I,0.6108353,0.48397678,0.16548833,1.1214725,0.46065935,0.23822543,0.3481319,13.0
F,0.63206905,0.45,0.175,2.4970562,0.34243435,0.16065876,0.08321273,7.0
M,0.47588655,0.375,0.13,0.5675469,0.20296147,0.12355377,0.19654079,15.0
M,0.11388458,0.09100728,0.0061684186,0.008042755,0.0026910703,0.00054038916,0.0031318064,2.646456
M,0.54,0.41739184,0.14,0.7758649,0.32421926,0.1810802,0.23048702,10.0
I,0.26548555,0.19539404,0.06365899,0.08865086,0.03825514,0.019845702,0.026951132,5.0
M,0.6979953,0.54496163,0.19107327,1.7785661,0.77690834,0.38510826,0.48311025,11.44342
F,0.8117604,0.64176536,0.8351668,2.8052328,1.471829,0.7386141,0.9013152,13.0
F,0.64,0.51,0.18,1.3551328,0.52682275,0.29156095,0.424787,15.335416
M,0.6683318,0.53145593,0.2,1.50708,0.69906056,0.38291988,0.48782316,11.0
I,0.3700828,0.3332468,0.1,0.28123936,0.11953318,0.058085963,0.0792687,5.8740053
F,0.615,0.13894528,0.17,0.5581583,0.31212452,0.13301404,0.28812656,10.0
F,0.7222379,0.5634335,0.19721156,1.9570273,0.84598756,0.42605078,0.5276464,12.0
M,0.64,0.49687952,0.18681823,1.1626142,0.50827104,0.26049662,0.39578044,11.0
I,0.13061854,0.10056329,0.012993654,0.010563783,0.004343029,0.0016346625,0.0040250663,3.3859107
F,0.5821319,0.45516282,0.155,0.9773502,0.41533762,0.216628,0.27731773,10.0
F,0.61,0.4083506,0.155,0.9767015,0.49816537,0.19693491,0.26946935,9.0
I,0.55,0.425,0.14,0.7575725,0.33299363,0.15977682,0.22708316,10.0
M,0.8148038,0.6491844,1.108504,2.8254604,1.4879619,0.7588715,1.0005738,14.0
M,0.1113473,0.0901534,0.0020744803,0.008003289,0.0025291012,0.0005035179,0.0030278629,4.0
F,0.465,0.44,0.19203283,1.4701003,0.5535792,0.35597628,0.45640227,8.0
I,0.11210818,0.090894826,0.0012981233,0.008020727,0.0025980023,0.0005200412,0.0030376334,2.2675798
M,0.625,0.49286723,0.17,1.221095,0.5134451,0.26384497,0.35987714,12.0
F,0.5433743,0.42276314,0.145,0.7812886,0.33575535,0.17390783,0.22450529,10.0
I,0.4994532,0.385,0.125,0.54964465,0.25145087,0.11788168,0.163467,9.0
F,0.8017188,0.6257697,0.2224899,2.7152946,1.3984215,0.68422514,0.6875609,12.0
F,0.78119284,0.596496,0.21134476,2.50351,1.236539,0.59216297,0.60061556,12.0
I,0.18645865,0.13433096,0.041217145,0.027284509,0.011183438,0.0064610583,0.008961496,4.521349
F,0.6017952,0.475,0.16,1.0869647,0.46175784,0.24082078,0.30634847,10.0
F,0.55,0.425,0.14626798,0.8093526,0.33474386,0.17836997,0.24013184,11.0
M,0.55639756,0.43618846,0.14,0.81363726,0.36074567,0.18127044,0.22108227,9.0
I,0.58127874,0.45712793,0.155,0.93223965,0.39761096,0.19823162,0.28503835,11.0
F,0.27860793,0.21845512,0.07547951,0.11419455,0.029896202,0.030144004,0.03596774,10.0
F,0.52227163,0.4,0.135,0.66667277,0.29846618,0.15215774,0.1913516,9.0
F,0.7003588,0.5488478,0.19,1.7492864,0.758009,0.38944897,0.4705086,11.0
F,0.4774779,0.36835253,0.121189654,0.5149558,0.23271683,0.11722442,0.14900188,9.0
M,0.72342354,0.56472665,0.2,2.0618873,0.9165724,0.43592095,0.5359283,12.0
I,0.30477285,0.22855966,0.072671786,0.13226083,0.05890465,0.029774096,0.039298065,6.0
M,0.43449184,0.355,0.115,0.50926936,0.20297892,0.122402124,0.15567547,6.0
I,0.5284908,0.4064897,0.135,0.6497182,0.29567078,0.14101508,0.19506802,10.0
F,0.625,0.495,0.175,1.2354488,0.48302487,0.26623592,0.39107415,15.095546
M,0.44954193,0.3153467,0.07,0.2208738,0.34642148,0.22187544,0.18541394,11.0
M,0.645,0.51,0.18,1.3895258,0.58223206,0.2979892,0.41701752,13.0
F,0.6425683,0.515,0.19,1.4386774,0.5087174,0.29571816,0.48523116,21.768908
M,0.55090994,0.55,0.16,0.5909645,0.43981153,0.14344741,0.1210468,9.0
M,0.23716888,0.20345528,0.07,0.11541826,0.053963635,0.035801027,0.04518021,7.0
F,0.8147321,0.6490347,1.0936953,2.8253322,1.4877211,0.75893056,1.0003227,14.456885
F,0.65352315,0.48,0.16,1.2925643,0.4356905,0.26407185,0.42207775,14.0
I,0.19397126,0.15174611,0.043773886,0.029069085,0.027727257,0.010751827,0.00947309,4.0
M,0.57423913,0.45,0.15,0.9141727,0.3960073,0.19985443,0.2640936,10.0
F,0.8098047,0.6394323,0.71175534,2.78797,1.4475567,0.7259223,0.885825,13.303149
M,0.7347213,0.57414204,0.20330177,2.18375,1.0511428,0.4672178,0.53454566,11.0
M,0.49858284,0.385,0.14,0.56636655,0.2580533,0.12874326,0.1418176,9.0
I,0.11023593,0.09003472,0.00013086338,0.008000645,0.0025136333,0.0005004809,0.0030008273,2.0308008
M,0.63,0.49886766,0.175,1.2595601,0.5299324,0.2717231,0.37064475,12.0
I,0.525,0.40422255,0.13,0.6359046,0.29482234,0.1386422,0.18791416,9.0
F,0.6795942,0.5290578,0.185,1.5944861,0.69162357,0.3574285,0.43555915,10.0
F,0.8111777,0.56571555,0.2,0.8745761,0.02173521,0.08925739,0.20318857,26.750872
M,0.11125208,0.090127915,0.0019289993,0.008003583,0.0025353155,0.00050357357,0.0030233022,3.0227885
I,0.21077639,0.1534871,0.04785756,0.042671975,0.019961674,0.01060117,0.012492565,4.0
M,0.63250875,0.5,0.175,1.2818906,0.53754675,0.27603602,0.38509426,12.0
I,0.3655182,0.43,0.15,0.4930292,0.019248588,0.086180046,0.043511253,8.0
M,0.6,0.47548276,0.17,1.1302294,0.4362059,0.23904419,0.36130938,17.0
M,0.2618082,0.18931729,0.06902926,0.08704438,0.037326176,0.01924686,0.028209383,4.822809
F,0.8141371,0.6469125,1.0544705,2.8233824,1.4857544,0.7565122,0.9814342,13.441539
I,0.34805024,0.26461256,0.08301196,0.20565888,0.09341909,0.041001927,0.060374837,6.0
I,0.37258145,0.28,0.09,0.22035664,0.09505872,0.046518642,0.07093617,7.0
F,0.565,0.51559824,0.06737273,2.1220202,0.7276699,0.16368234,0.32154134,4.0
I,0.26010203,0.19191097,0.06285471,0.085664704,0.036984894,0.018738706,0.025555447,4.4573264
F,0.73695844,0.5757858,0.2,2.1562293,1.0088322,0.46859086,0.5376495,11.0
I,0.12519006,0.09783079,0.009790379,0.009381318,0.0038453748,0.0012999265,0.003664126,2.8106725
F,0.48,0.5613423,0.12,1.2825507,0.73466426,0.40584815,0.31623393,9.0
I,0.72175765,0.27121216,0.19651683,1.0555712,0.58718055,0.009802502,0.27451214,13.178804
F,0.62,0.48513484,0.17,1.1799473,0.4859485,0.2604797,0.3498116,12.0
I,0.515,0.39642626,0.13,0.5956157,0.27191716,0.13010947,0.17994407,9.0
M,0.5053345,0.36868677,0.085,0.81123024,0.72727746,0.16564834,0.08988949,6.0
F,0.59,0.46,0.15829362,1.0105081,0.42651236,0.2234506,0.28915557,11.0
I,0.54796404,0.425,0.14,0.7455634,0.32696858,0.15764259,0.22544554,10.0
M,0.59597516,0.46944293,0.155,1.0335058,0.4582488,0.2266653,0.2864673,10.0
M,0.5977028,0.47,0.1594424,1.0454191,0.45422083,0.22791696,0.29442,10.0
F,0.555,0.435,0.15,0.8445764,0.34895507,0.18566369,0.24976343,11.0
F,0.4366955,0.398632,0.175,1.2537527,0.7641582,0.29921758,0.060594257,2.5885875
M,0.65954906,0.12591656,0.20167544,0.51376975,0.094914734,0.040330704,0.40267777,10.0
I,0.32781866,0.2476734,0.08,0.17024961,0.072249435,0.03596941,0.049809966,6.1751018
M,0.6452881,0.51,0.175,1.3758739,0.5970036,0.29916483,0.39680263,11.0
I,0.6001332,0.475,0.165,1.0720043,0.4382149,0.22480063,0.33274552,13.0
F,0.8087918,0.6365988,0.5802224,2.780405,1.4517045,0.72040594,0.8232353,12.393312
M,0.78904545,0.61389464,0.22368467,2.6640964,1.3293446,0.62366164,0.7137275,14.0
F,0.45486924,0.35,0.115,0.44988278,0.20058456,0.10127993,0.12851246,8.0
I,0.55119944,0.42901877,0.14,0.769355,0.3364131,0.16424681,0.22799894,10.0
M,0.6198748,0.485,0.165,1.1664834,0.5027304,0.2563018,0.33564043,11.0
I,0.38004193,0.45631534,0.18,0.102549635,0.0052819876,0.1357315,0.0666872,2.4943056
M,0.465,0.35841438,0.12,0.4842069,0.20940359,0.10741677,0.1476241,10.0
M,0.66,0.4908956,0.165,1.416345,0.674946,0.31842837,0.49015468,8.152486
I,0.4442597,0.3419533,0.10830111,0.39687884,0.1783744,0.084838785,0.11591631,8.0
F,0.8146344,0.6485189,1.0759662,2.8251522,1.4875889,0.7581584,0.99775696,14.243738
M,0.40051392,0.3057754,0.100131236,0.31698477,0.11326549,0.06906991,0.103325516,10.0
I,0.11523957,0.09277952,0.0037740716,0.008180222,0.0029005806,0.0006576235,0.003150901,2.2188
F,0.5696614,0.45,0.155,0.91900504,0.36188954,0.19881783,0.28141528,13.0
I,0.53362864,0.27278882,0.07513666,0.45199072,0.2978974,0.28455186,0.022624953,9.0
M,0.625,0.495,0.17,1.2262473,0.5223441,0.26643333,0.35718074,11.0
I,0.11082341,0.09022318,0.0005000212,0.00800432,0.0025377104,0.00050389743,0.0030072571,2.0733395
I,0.11150485,0.09054894,0.00090101146,0.008010884,0.0025662605,0.00051041413,0.0030208116,2.1834207
I,0.1715771,0.12297527,0.035862517,0.023023823,0.010006934,0.0050560627,0.0071556387,3.7124453
M,0.8148806,0.6495193,1.1105584,2.8254874,1.4879807,0.75918657,1.003255,14.0
M,0.475,0.36936238,0.1296202,0.5180276,0.24875689,0.12866572,0.17364925,9.769959
F,0.30993724,0.24683651,0.08275177,0.168558,0.044155303,0.039478328,0.05252486,10.0
M,0.645,0.51,0.18,1.3924052,0.57692385,0.29718262,0.4255169,14.0
M,0.41937706,0.31957334,0.105,0.35448867,0.14926714,0.0776168,0.108350396,9.0
M,0.60908353,0.475,0.165,1.1097687,0.46934852,0.2413452,0.32408008,11.0
M,0.63,0.5,0.175,1.2820427,0.52862924,0.27348757,0.3923593,13.0
I,0.575,0.45,0.15,0.88704705,0.38063073,0.1891027,0.26864803,11.0
F,0.5703805,0.45,0.155,0.9238898,0.3779943,0.20308912,0.27468815,11.4966
M,0.7295734,0.57238466,0.20529526,2.1429322,0.9619554,0.45008472,0.5686549,13.0
F,0.6,0.4707651,0.16,1.071463,0.44574678,0.24000433,0.304563,11.0
M,0.8130006,0.6441524,1.0227216,2.8197005,1.4845293,0.7478831,0.9346436,13.0
F,0.45275974,0.34965447,0.115,0.4432016,0.18391141,0.09961407,0.1312017,9.0
I,0.29785275,0.22342736,0.07063175,0.12271528,0.052699015,0.027997063,0.036972355,6.0
F,0.505,0.355,0.10566665,0.43698448,0.2747912,0.098873176,0.13079348,7.0
F,0.645,0.5,0.16,1.1474049,0.49603552,0.22365883,0.33228034,10.0
M,0.59252906,0.465,0.155,1.0161811,0.44241494,0.2226464,0.28847933,10.0
I,0.20059538,0.14513308,0.04500049,0.03492973,0.014536193,0.008463216,0.011199321,5.0
I,0.1121482,0.090923294,0.0013353769,0.008022156,0.0026019674,0.00052132603,0.003038484,2.2411997
F,0.5,0.38379002,0.12575363,0.5796896,0.26273796,0.13277642,0.16802217,9.0
I,0.58,0.455,0.15223984,0.9271041,0.39598265,0.19707984,0.2811745,11.0
F,0.6776434,0.53248346,0.19004083,1.6486706,0.64625686,0.36334458,0.48995817,16.0
M,0.58,0.45,0.15,0.9113416,0.42384592,0.2053673,0.23048326,8.0
F,0.5924612,0.465,0.16,1.0280539,0.43354842,0.2265181,0.2944249,11.0
M,0.73746973,0.57785946,0.20735025,2.1965756,1.0145565,0.46923676,0.577763,12.35348
F,0.38252538,0.29775548,0.1,0.280027,0.103818506,0.06255479,0.084040135,9.0
I,0.11001683,0.090000965,6.20188e-06,0.008,0.0025018065,0.0005,0.003,2.004561
M,0.54,0.42,0.14,0.77013195,0.32904357,0.16918075,0.22516687,10.0
M,0.61989444,0.56131494,0.11,1.2206604,0.39390707,0.30250728,0.25038227,10.0
I,0.111652836,0.09065666,0.001015025,0.008013828,0.0025758718,0.00051314005,0.0030242559,2.1632555
M,0.60607964,0.475,0.16,1.0865542,0.4846364,0.23945692,0.29424405,9.0
M,0.61,0.475,0.16,1.1223575,0.50127876,0.24467233,0.30370823,9.0
I,0.65245456,0.099933766,0.043408018,0.62733483,0.009826419,0.15864241,0.029559676,5.0
M,0.5391184,0.455,0.14248365,0.9207625,0.26689208,0.20951577,0.218078,11.0
F,0.68518984,0.5350186,0.18815884,1.6505375,0.69687223,0.36578125,0.46221367,11.0
I,0.51073676,0.395,0.125,0.5865093,0.26751798,0.12739237,0.17540775,9.0
M,0.595,0.455,0.15,0.99732494,0.4377139,0.21332598,0.27257335,10.0
F,0.58,0.4827302,0.16,0.99566793,0.44395697,0.22207806,0.31279197,12.77336
F,0.59058934,0.4632609,0.155,1.0155644,0.43933487,0.22573975,0.28365842,10.0
F,0.5957213,0.47,0.16,1.0515305,0.43975428,0.2319385,0.30226636,11.0
M,0.725875,0.56747645,0.2,2.1059334,0.9767727,0.44607645,0.52809626,11.0
I,0.5671312,0.44,0.145,0.83630764,0.36159974,0.17730066,0.25201198,10.0
F,0.8107941,0.64045537,0.76008934,2.7966416,1.4617776,0.7316046,0.8883942,13.0
F,0.48271134,0.53505844,0.00097180065,1.7498231,1.2706515,0.24471807,0.074322134,14.0
M,0.5012123,0.3870421,0.13,0.59395117,0.26174647,0.13373281,0.18036132,10.0
I,0.11000095,0.09,0.0,0.008,0.0025002647,0.0005,0.003,2.0007796
M,0.5953039,0.468609,0.155,1.0267928,0.4607198,0.22580028,0.2796927,9.0
I,0.59030294,0.46520922,0.15771995,0.99323416,0.4164484,0.21019833,0.30380976,12.0
F,0.505,0.39,0.13,0.60187185,0.27131093,0.1389902,0.17540403,9.0
M,0.4800733,0.37,0.12,0.5247945,0.24382113,0.117557526,0.15222232,9.0
F,0.66904,0.525,0.18590078,1.5392287,0.6353398,0.33444408,0.45353758,12.043798
F,0.47545505,0.2695613,0.0023928164,0.097101465,0.7086252,0.018037004,0.22182477,6.0
M,0.11972956,0.09445582,0.013052251,0.008270229,0.0030605446,0.00073080626,0.0034665598,3.3485203
M,0.48,0.37,0.12,0.5602837,0.24844548,0.13324443,0.15300588,11.0
M,0.6305705,0.5083867,0.18587,1.3816473,0.4997214,0.28043032,0.47317687,21.364956
F,0.5854574,0.46,0.155,0.9921735,0.43025485,0.22080144,0.2766455,10.0
I,0.19321592,0.13899846,0.04301438,0.03221534,0.014019961,0.0075842286,0.00998128,4.0
M,0.5499966,0.425,0.14,0.7880792,0.3427217,0.1727222,0.22817397,10.0
I,0.26709384,0.29,0.010945085,0.45386437,0.08002247,0.108711936,0.056139603,8.0
I,0.35160935,0.26730257,0.08488305,0.20978737,0.0949943,0.04152518,0.06168104,6.0
M,0.81135356,0.6420812,0.9583976,2.8121443,1.4759198,0.7366218,0.92328304,14.0
M,0.6038534,0.475,0.16,1.0875769,0.47220898,0.23807548,0.3072237,10.0
M,0.648911,0.51083493,0.18091416,1.4213591,0.58540905,0.3014957,0.43453234,14.0
I,0.112220846,0.09103218,0.0014634277,0.008028833,0.0026196947,0.00052677357,0.0030383202,2.1219077
F,0.7385319,0.57699656,0.2,2.1649506,1.0217911,0.47349507,0.5460094,11.0
I,0.597101,0.47,0.16,1.0284843,0.42769396,0.21758354,0.31610683,12.0
M,0.45335698,0.345,0.11,0.45636654,0.22135784,0.09671691,0.119687326,6.0
I,0.48784608,0.3756341,0.12,0.51853675,0.22392252,0.10856908,0.15885876,8.0
F,0.7682587,0.5845201,0.20932123,2.3761086,1.0929182,0.531389,0.5992183,12.0
F,0.615,0.49,0.175,1.2049757,0.45892614,0.25811532,0.38784066,17.0
M,0.11028222,0.09001457,0.00034198753,0.008000395,0.0025106692,0.00050028693,0.0030015868,2.1563292
I,0.5047305,0.3947769,0.12375499,0.5411802,0.24232982,0.108774096,0.1756521,8.0
F,0.6147887,0.49094996,0.175,1.1741458,0.49227396,0.25971842,0.34642887,10.0
F,0.5187189,0.4,0.13672806,0.6604497,0.28102204,0.14972153,0.20042689,11.0
M,0.580085,0.455,0.15,0.9569594,0.426372,0.20861161,0.26708505,10.0
M,0.6631002,0.5224707,0.18,1.5193102,0.6710796,0.3275844,0.41402397,11.0
I,0.16897236,0.121658064,0.03435862,0.021756008,0.009272457,0.004755133,0.0070102694,4.0
F,0.4354864,0.33574903,0.11,0.38522586,0.16035552,0.08882023,0.11669777,9.0
M,0.6741765,0.09336437,0.125,1.5726466,0.14038114,0.23952232,0.5928708,13.0
I,0.43981895,0.33427584,0.105,0.37607855,0.16603133,0.07962454,0.11071173,9.0
I,0.43720508,0.36,0.13,0.49003655,0.20707569,0.10880442,0.16774485,10.283138
I,0.75298697,0.49,0.17,0.885223,0.08295449,0.14981492,0.3549125,24.393208
I,0.14900416,0.109995574,0.023504589,0.016348502,0.007103445,0.0031811201,0.005242828,2.934862
I,0.81161565,0.435,0.165,1.061992,0.55592537,0.08299844,0.40524587,9.0
F,0.475,0.36902457,0.125,0.5138813,0.22090852,0.11709772,0.15130968,10.0
M,0.3149842,0.23376235,0.08,0.17292742,0.07537849,0.033786166,0.046306044,5.0
M,0.7299596,0.57651544,0.21135245,2.1728613,0.91419834,0.4500785,0.6191875,16.377525
M,0.80752033,0.6350592,0.7459163,2.789805,1.462001,0.715597,0.8092315,13.0
M,0.36745864,0.27561185,0.09,0.25283897,0.11417495,0.050567534,0.07121793,6.0
I,0.3568869,0.26915568,0.085,0.20515358,0.09026184,0.04250764,0.06352159,7.0
F,0.5664667,0.4419206,0.15,0.89218855,0.3664273,0.19645241,0.265,11.0
F,0.59,0.56072336,0.155,1.2438654,0.52781326,0.27689016,0.40497217,10.0
I,0.110342845,0.09005496,0.00018841431,0.008000979,0.0025171475,0.0005008128,0.0030016056,2.047631
F,0.58,0.455,0.155,0.97857225,0.40128487,0.21873373,0.2832999,11.0
I,0.11467196,0.09236722,0.0031680474,0.008124875,0.0028141297,0.0006121074,0.003129194,2.2810454
F,0.625,0.49,0.17,1.2065111,0.5055529,0.26665655,0.35145456,11.0
I,0.4231895,0.38,0.125,0.60131454,0.28467566,0.14193572,0.13428487,9.0
F,0.110078275,0.09000354,8.372852e-05,0.008,0.0025045385,0.0005,0.0030001607,2.0073655
M,0.8004277,0.6255338,0.44727692,2.7508142,1.4357954,0.68454504,0.6908955,12.0
I,0.41569984,0.3151433,0.1,0.34562027,0.1618922,0.07085741,0.09413566,6.0
F,0.6834877,0.5329026,0.18550645,1.6304351,0.7003401,0.36421758,0.4488016,11.0
I,0.35832456,0.2698394,0.085,0.20646687,0.09058795,0.042878203,0.06397533,7.0
F,0.66,0.55446017,0.18,1.586363,0.5660569,0.3932806,0.51095265,13.0
F,0.8142254,0.64711404,1.0497893,2.8236043,1.4864085,0.75554,0.9812713,13.603885
M,0.28789648,0.21690649,0.07637394,0.11644995,0.039095838,0.028161928,0.039589,8.0
F,0.41152018,0.197026,0.115,0.3511389,0.06724722,0.09165403,0.21690197,9.0
M,0.7259692,0.56515545,0.20202488,1.9372234,0.8924832,0.42976695,0.53120434,10.0
I,0.11000676,0.09,1.7553681e-06,0.008,0.0025007436,0.0005,0.003,2.002493
F,0.792133,0.6123708,0.21578906,2.6164975,1.3177897,0.63895416,0.6182514,12.0
I,0.11001738,0.090000786,7.3179067e-06,0.008,0.0025010598,0.0005,0.003,2.0055969
F,0.62,0.48795876,0.17,1.1895577,0.48139346,0.26059744,0.35814065,13.0
F,0.38288856,0.29,0.095,0.29501382,0.1254363,0.060609,0.07851229,7.0
F,0.8127253,0.64414835,0.94560224,2.8124847,1.473062,0.74737173,0.94627756,13.985998
F,0.7022148,0.55,0.195,1.7905403,0.7295837,0.38798666,0.51311415,13.651048
M,0.50361574,0.3388519,0.13,0.7715606,0.30267456,0.15547304,0.22942655,13.0
M,0.323422,0.37055507,0.123416625,1.1976703,1.4772081,0.31210095,0.16016734,11.0
I,0.116232835,0.09318138,0.0041807583,0.008210603,0.0029388617,0.00068463024,0.0032010267,2.5133848
M,0.583652,0.4,0.17,0.9390334,0.26760414,0.13017412,0.25843093,20.097073
I,0.3050453,0.22810444,0.07281566,0.12799488,0.0557763,0.02937203,0.0394618,6.367646
I,0.114459306,0.09217542,0.0028921976,0.008093866,0.002748762,0.00058868836,0.0031268278,2.6368139
M,0.4550072,0.505,0.18819858,1.384114,0.62224126,0.29118195,0.38113958,17.0
M,0.63895655,0.5049722,0.175,1.3196908,0.5627085,0.28562453,0.39075863,12.0
M,0.23774761,0.16894796,0.06310718,0.06429604,0.029955667,0.0142402025,0.018837431,4.0
F,0.17783503,0.12786527,0.04360972,0.021501044,0.006167758,0.006222921,0.008008687,8.0
I,0.48947078,0.37624627,0.12,0.52093124,0.24126959,0.11188949,0.15329114,9.0
F,0.43065885,0.465,0.165,0.5864186,0.4362372,0.09602922,0.042062487,12.0
I,0.575,0.45,0.15,0.88240284,0.3779031,0.1873008,0.26896653,11.0
M,0.7249033,0.415,0.115,1.0055766,0.6632122,0.13116051,0.09091711,9.0
M,0.11034962,0.09001913,0.00046269246,0.008000544,0.002513255,0.000500413,0.003002336,2.1579514
I,0.58960056,0.4636886,0.155,0.97887146,0.41065782,0.20673215,0.29845968,12.0
I,0.15210438,0.11192568,0.025108894,0.01680639,0.007132427,0.0033455421,0.005562546,3.6811688
M,0.814771,0.649099,1.1121993,2.825452,1.4879384,0.7591216,1.0004025,14.0
I,0.11118004,0.09039241,0.0007175525,0.008007703,0.0025543252,0.00050715834,0.0030134148,2.1074157
M,0.8137054,0.64578557,1.058316,2.8227136,1.4862504,0.7524417,0.9608631,13.0
M,0.625,0.495,0.17,1.2271624,0.52156705,0.26549524,0.35878393,11.370533
I,0.51642853,0.4,0.13,0.60358423,0.2781987,0.13148375,0.18110403,9.0
F,0.25772095,0.19445108,0.06832233,0.081314124,0.022101311,0.021233674,0.028316962,9.0
I,0.575,0.45,0.15,0.8922656,0.38008282,0.18991514,0.27232587,11.0
M,0.64,0.50403875,0.17,1.3003747,0.61454916,0.28799924,0.3404881,8.0
I,0.26570454,0.19486657,0.063707404,0.08070989,0.033850666,0.019056747,0.027382089,6.0
F,0.625,0.49487203,0.17,1.2201074,0.5121542,0.26991424,0.3545016,11.0
F,0.54177165,0.4217477,0.145,0.7932853,0.34237966,0.17432901,0.22602805,10.0
I,0.26465324,0.1940427,0.060978327,0.25286195,0.016173827,0.06401991,0.08072139,8.0
M,0.8146602,0.64853126,1.1201012,2.8251138,1.4878069,0.7573247,0.98656464,13.0
M,0.5648646,0.405,0.15423514,0.7792333,0.2234375,0.12872088,0.19614297,10.0
M,0.36211145,0.34955752,0.125,1.3920668,0.31172067,0.35701296,0.8992623,10.0
M,0.80333525,0.6286503,0.5324465,2.7640471,1.4444604,0.6966877,0.72110385,12.0
M,0.6,0.47231972,0.16,1.0726969,0.4592668,0.23317026,0.30818734,11.0
M,0.6631473,0.523518,0.1847219,1.527605,0.66007274,0.3269642,0.43300632,11.38408
M,0.5756526,0.46,0.165,1.0366598,0.3698557,0.21448135,0.3452557,19.566462
F,0.36158347,0.27549276,0.09,0.22074905,0.08956557,0.04971191,0.068050854,8.0
F,0.42359066,0.3243674,0.105,0.36132842,0.15305467,0.08110418,0.106674545,9.0
M,0.61,0.48,0.17,1.1451013,0.46227252,0.24557409,0.35496998,14.0
M,0.6350588,0.5,0.175,1.2953131,0.56510967,0.28246558,0.37058058,11.0
F,0.25385848,0.18547618,0.06476881,0.07478356,0.025208853,0.01878084,0.023207732,7.0
M,0.6083752,0.475,0.15605545,1.0840209,0.48819736,0.23869069,0.29107296,9.0
M,0.615,0.485,0.17,1.1791502,0.4794781,0.2533165,0.36192825,14.0
I,0.645,0.46661335,0.145,1.0609428,0.5217329,0.19770765,0.30426648,14.0
F,0.13305886,0.10062622,0.018912623,0.009672695,0.0038534286,0.0017010908,0.0040414226,4.6559734
F,0.38118425,0.46,0.1,1.1742514,0.06513139,0.41970015,0.27665266,17.524786
I,0.43874946,0.33273754,0.105,0.37623242,0.1688687,0.079740375,0.10967169,8.0
M,0.62223387,0.4893453,0.17,1.1968584,0.5045758,0.2604164,0.35356408,12.0
I,0.40404466,0.29002017,0.11082009,0.28212604,0.10914834,0.062330928,0.09347817,9.0
F,0.31515506,0.26190892,0.104551956,0.39931732,0.076840386,0.009093439,0.020589838,19.779219
F,0.7096449,0.55,0.19059359,1.8143169,0.8308355,0.40752771,0.46906278,10.0
I,0.33511898,0.22556113,0.07587693,0.13720655,0.0635307,0.031378794,0.034583464,4.749111
I,0.2317079,0.16970801,0.053953126,0.054602534,0.024858085,0.013359817,0.016423361,5.0
I,0.5338057,0.45315376,0.125,0.5924254,0.19662695,0.1580611,0.22836958,10.0
M,0.65820533,0.515,0.18,1.457274,0.64883906,0.31518233,0.4010315,10.864768
M,0.22912468,0.1711631,0.06392886,0.05399276,0.014308714,0.014300272,0.021844978,9.0
M,0.8130799,0.44984677,0.12443383,0.68001395,1.3213897,0.2010918,0.53949434,9.0
I,0.11893925,0.09456676,0.005840326,0.008391567,0.003123112,0.0008215782,0.0033380883,3.1097498
F,0.6632673,0.52387035,0.18,1.4869289,0.6450093,0.32774442,0.40997154,11.0
F,0.75617534,0.58171946,0.20561771,2.2840312,1.0657879,0.49040675,0.57416755,11.0
F,0.35852948,0.27883795,0.0926219,0.22548853,0.07728838,0.053295445,0.07268533,10.0
I,0.3307818,0.253386,0.08,0.18387735,0.08039022,0.03767565,0.050050277,5.0
I,0.110034406,0.090002075,1.8994597e-05,0.008,0.0025020067,0.0005,0.003,2.0080886
F,0.61,0.4765781,0.16399308,1.1176383,0.47899058,0.24769294,0.31516036,10.0
F,0.6,0.395,0.08,0.7917479,0.39999887,0.1833295,0.16601989,11.0
I,0.42911667,0.325,0.11,0.37122533,0.1549278,0.07443475,0.111419715,8.0
I,0.11014696,0.09001709,7.427955e-05,0.008000345,0.0025097516,0.00050020864,0.0030003425,2.024485
M,0.615,0.43811238,0.13110107,0.7825054,0.37670776,0.1267084,0.11849805,7.0
I,0.13301176,0.101833396,0.014330836,0.011129661,0.004507932,0.001776263,0.0042088213,4.0
F,0.6,0.47,0.16149712,1.0702057,0.44720295,0.23742379,0.3077229,11.0
F,0.6895153,0.5321289,0.18,1.7065028,0.8052354,0.36950067,0.43220776,9.0
F,0.2824761,0.64967185,0.0016999126,1.4767393,0.48715058,0.19517234,0.34305644,8.0
M,0.58,0.45710385,0.155,0.97905886,0.40374234,0.21105489,0.29396662,12.0
I,0.43685457,0.33184198,0.105,0.3711295,0.16745143,0.07986856,0.1090396,8.0
M,0.81306773,0.64443547,1.0247802,2.8200157,1.4846152,0.7473776,0.941338,13.0
I,0.110011816,0.09000057,3.9951256e-06,0.008,0.0025013073,0.0005,0.003,2.0035539
M,0.66257924,0.28,0.11,0.4504838,0.107150555,0.09181463,0.16764514,11.0
I,0.12141157,0.09589568,0.0074206516,0.008702264,0.0033986573,0.0010176275,0.003459722,2.8900244
M,0.6,0.47433054,0.16,1.074736,0.47058472,0.23534915,0.30030787,10.0
I,0.1101221,0.09000706,8.897514e-05,0.008,0.0025046433,0.0005001029,0.003000182,2.0278335
M,0.5276697,0.405,0.135,0.69374555,0.3089426,0.15423127,0.20029604,10.0
M,0.13195059,0.101942696,0.02497006,0.009606243,0.0036372445,0.0015785081,0.004534781,5.0
F,0.5079787,0.36,0.135,0.622042,0.23321734,0.13781078,0.19708072,14.0
M,0.50379413,0.11472153,0.13,0.48066655,0.54718107,0.19029425,0.30740634,12.0
M,0.12662059,0.09799588,0.020338524,0.008993415,0.0039030525,0.001178471,0.0038448488,2.6668963
F,0.7224616,0.56299657,0.195,1.9493713,0.87602484,0.43499604,0.5006703,11.0
I,0.110026166,0.09000194,1.1027729e-05,0.008,0.0025029709,0.0005,0.003,2.0057237
I,0.5257873,0.5119468,0.165,1.1332471,0.6727335,0.16450502,0.056616403,12.0
F,0.57,0.47,0.145,1.0816774,0.51310396,0.28736562,0.20550843,9.0
F,0.48631772,0.09821506,0.155,1.1221267,0.0368425,0.21593721,0.27330616,9.0
I,0.50228703,0.39944047,0.135,0.64149773,0.31291863,0.12644997,0.2019717,8.0
F,0.19795223,0.14090234,0.04809091,0.03176695,0.009784224,0.008764013,0.010565452,7.0
F,0.61,0.48,0.16979831,1.1357116,0.46276525,0.24883698,0.34098357,12.606648
F,0.46902204,0.3553349,0.11501696,0.4896351,0.20862937,0.11386289,0.13951509,10.0
F,0.625,0.5,0.175,1.1788068,0.49777406,0.24767801,0.34342083,11.0
I,0.11899879,0.09459568,0.005881553,0.008412237,0.0031521402,0.00083426724,0.0033351434,2.8671017
M,0.42201853,0.3235071,0.105,0.3611758,0.14560358,0.08034231,0.11226107,10.0
M,0.7350007,0.5757917,0.20724313,2.1879969,1.012417,0.46664217,0.57010865,12.0
F,0.6548285,0.46,0.15,1.1436931,0.2968659,0.2550367,0.29644543,11.0
F,0.80861896,0.6366918,0.57973176,2.7781522,1.4462668,0.7191092,0.83317125,13.0
F,0.408976,0.31462288,0.105,0.32816127,0.12547083,0.07424358,0.09983546,10.0
I,0.5,0.385,0.125,0.55535454,0.25448883,0.119607985,0.16408317,9.0
F,0.813606,0.6460781,1.0111094,2.819394,1.4805864,0.7511421,0.9721119,14.0
M,0.5716505,0.425,0.0788427,0.5450158,0.022818912,0.059486274,0.1028425,7.0
F,0.5459914,0.425,0.145,0.7982673,0.3302216,0.17567326,0.23739529,11.0
I,0.47788757,0.37,0.115,0.48093456,0.21573527,0.10364011,0.14364387,9.0
I,0.5200228,0.37,0.12,0.66193557,0.33501622,0.1488379,0.12797898,10.0
M,0.69698644,0.55,0.19644225,1.8011223,0.73265606,0.3806609,0.52451444,15.0
M,0.5049078,0.21138723,0.15,0.8788194,0.3562247,0.259002,0.041246157,8.0
I,0.11044099,0.090078935,0.00024610295,0.008001429,0.0025208467,0.0005012348,0.003002448,2.0573826
M,0.555,0.4,0.14,0.48447874,0.1920151,0.21852815,0.45131898,9.0
M,0.2491558,0.17647526,0.06582462,0.07861868,0.037999984,0.016216548,0.021145705,3.2738311
M,0.465,0.23518552,0.125,0.73079497,0.07833678,0.47949675,0.013461458,15.0
F,0.7094065,0.5589233,0.2,1.8517281,0.7267398,0.39640746,0.5574059,15.139767
I,0.6874263,0.19694702,0.185,0.73103446,0.5087909,0.19467893,0.14648262,8.0
M,0.2732716,0.2042892,0.0704313,0.098446645,0.027072191,0.023898007,0.03374844,9.0
M,0.62777054,0.495,0.17,1.2385125,0.52891684,0.26926997,0.3597976,11.0
M,0.6116135,0.47709924,0.17,1.1427557,0.41332918,0.22938874,0.37294516,15.379559
I,0.11425378,0.092094205,0.0028059436,0.00809085,0.0027464565,0.00058503763,0.0031167644,2.4623704
F,0.565,0.45,0.145,0.92208666,0.3784563,0.1950914,0.22418228,9.0
I,0.110018566,0.09000114,7.1009144e-06,0.008,0.0025020237,0.0005,0.003,2.0047667
I,0.12673,0.3,0.17,0.059645038,0.038368937,0.38222945,0.09257036,11.0
M,0.525,0.45,0.105,0.8366162,0.33586484,0.14301524,0.24008211,12.0
I,0.3565362,0.2669077,0.085,0.25596705,0.12158318,0.056176655,0.06217582,5.260362
I,0.48956954,0.3768454,0.12,0.52068377,0.23939066,0.11162256,0.1548448,9.0
I,0.555,0.24279371,0.1,0.2707816,0.2539549,0.03089027,0.19216117,9.0
F,0.73582584,0.5749412,0.2,2.1408665,0.98686826,0.46613836,0.5395576,11.0
F,0.525,0.4174315,0.145,0.74926484,0.32672545,0.15189712,0.21040832,9.0
F,0.61,0.475,0.165,1.1526763,0.516319,0.26296127,0.3079413,9.0
F,0.6323489,0.5,0.175,1.2597723,0.53076065,0.27885225,0.36283228,11.0
I,0.4718411,0.37,0.114183314,0.49363157,0.22385474,0.10838825,0.13293129,9.0
I,0.58,0.45613652,0.155,0.93065697,0.394667,0.19728053,0.28554484,11.0
M,0.81399095,0.64649564,1.062245,2.823392,1.4866207,0.7534011,0.9676717,13.0
I,0.625,0.47,0.165,0.99545586,0.44287762,0.19409369,0.29279357,13.0
F,0.8055272,0.6357163,0.54170173,2.7499704,1.3708298,0.69899344,0.8904044,15.0
M,0.5,0.38,0.125,0.5755517,0.2735424,0.12850796,0.15700784,8.0
F,0.393132,0.29560226,0.1,0.14203393,0.05511608,0.38811576,0.009684773,9.0
F,0.49512947,0.34613433,0.135,0.5326885,0.30230683,0.14358637,0.14208174,8.0
I,0.40768814,0.45,0.22462454,1.2714874,0.4674825,0.002398096,0.0036806962,26.999113
I,0.5425026,0.17436476,0.085971236,0.56938285,0.2708112,0.14296028,0.16858986,13.627552
I,0.4458116,0.36,5.026282e-07,1.1267023,0.40924484,0.3208131,0.1139052,10.0
F,0.7160428,0.62533057,0.12733816,1.015104,0.5239518,0.14124408,0.6131031,8.0
M,0.81448174,0.56035703,0.11,0.900753,0.08578995,0.044010576,0.5781605,17.756866
M,0.7077253,0.525274,0.2146945,0.105723515,0.26258665,0.110626884,0.15986417,14.984853
F,0.20631467,0.6495137,0.18751046,1.219089,0.11041992,0.2990823,0.0033891166,11.0
I,0.63516176,0.5574149,0.21243222,0.7676396,0.15029116,0.16574371,0.0030053605,11.0
F,0.11509582,0.6497766,0.055540968,1.1713443,0.899663,0.68273526,0.079285376,9.0
F,0.33656162,0.5,6.120792e-06,1.3843988,0.9584526,0.75939584,0.45213825,6.0
I,0.7239091,0.31256664,0.11,0.80193675,0.1978974,0.045608684,0.38925493,9.0
F,0.4687733,0.09,0.08,0.82847214,0.006051438,0.0026544405,0.85280263,2.4037375
F,0.7611219,0.09,0.13921188,0.2072961,1.4617565,0.6662341,0.7201552,2.0000722
F,0.5,0.55195826,0.11,2.8225708,0.104626685,0.18003204,0.52923125,9.0
