Sex,Length,Diameter,Height,Shucked_weight,Viscera_weight,Rings
F,0.645,0.09,0.08,0.7639905,0.1183243,5.0
F,0.61,0.09,7.876577e-05,0.28596994,0.26308027,11.0
F,0.81499845,0.090044536,0.11,0.7290174,0.17264856,2.2094889
F,0.62,0.09,0.0208446,0.114874296,0.0005010545,4.0
F,0.48,0.26434448,0.024742147,0.48491946,0.070414744,4.0
I,0.2380955,0.42699626,0.066023715,0.6071626,0.57274115,8.0
F,0.11018566,0.09,0.065229766,0.06191505,0.7474668,6.0
F,0.37432775,0.58233714,0.13,0.95782477,0.42158085,6.0
M,0.110752285,0.51,0.7713461,0.37337735,0.15886381,8.31483
M,0.13211498,0.5,0.195,0.69477403,0.15823646,11.0
F,0.55,0.17901938,0.165,0.49915805,0.024699623,26.999853
F,0.32410777,0.5996089,5.4738653e-06,0.3096409,0.122175395,13.0
I,0.5870255,0.21134958,0.145,0.2961818,0.4324831,12.0
I,0.5,0.41,0.15,0.35666904,0.08022845,7.0
I,0.475,0.335045,0.175,0.48369533,0.46707484,9.0
M,0.595,0.13919654,0.135,0.0421254,0.22561699,10.0
F,0.50796497,0.395,0.13,0.35238773,0.17798705,7.888309
F,0.5309461,0.46,0.16,0.408045,0.20991357,8.0
I,0.11149718,0.13205612,0.12,0.105084926,0.035769276,7.0
M,0.2979544,0.22916883,0.08,0.03907608,0.033340417,10.0
M,0.4817617,0.40210748,0.10574001,0.5926958,0.1361083,19.186382
I,0.54012066,0.42065787,0.14,0.32037812,0.15332088,10.0
I,0.23359098,0.17066368,0.054016255,0.024427775,0.013429953,5.0
F,0.63787144,0.5,0.175,0.55923164,0.29020202,11.0
F,0.52,0.10245095,0.19201583,0.0031521309,0.05609374,11.0
F,0.41657874,0.325,0.12,0.1766737,0.087832786,8.0
M,0.6,0.475,0.16,0.40687543,0.21905996,15.588589
I,0.5025272,0.20245056,0.07,0.48358124,0.108303286,7.0
F,0.60160893,0.475,0.16,0.45992318,0.24066296,10.0
I,0.110223,0.090027414,0.00011006269,0.0025119893,0.0005003537,2.0431497
M,0.62,0.4885581,0.17,0.4970375,0.2590891,12.0
F,0.57,0.09,0.17,0.042514075,0.4556173,19.680439
M,0.46194747,0.35368192,0.115,0.20647997,0.1035201,9.0
F,0.4908802,0.37781942,0.125,0.24669774,0.12883405,9.477358
I,0.61674505,0.4011673,0.13,0.1969326,0.20229842,11.0
F,0.475,0.3675603,0.124852896,0.22081085,0.11633368,10.0
I,0.39492807,0.29,0.10094266,0.07990313,0.077878036,9.0
F,0.7206454,0.56141967,0.195,0.8405519,0.42040586,11.0
M,0.78722835,0.38,0.9547256,0.57768,0.18347375,12.0
I,0.27723822,0.20517686,0.06792307,0.04120803,0.022113277,6.0
M,0.465,0.355,0.115,0.22933017,0.105676204,8.0
F,0.7982327,0.62056035,0.21959631,1.3742331,0.66749674,12.0
I,0.46490565,0.3751456,0.07958993,0.0944585,0.074317984,11.0
I,0.11095377,0.09024865,0.00054336287,0.0025396394,0.0005042621,2.1316206
F,0.5329959,0.4112783,0.14,0.33056915,0.16433908,10.0
I,0.6249289,0.43411416,0.15,0.36244404,0.008496366,4.903272
M,0.55,0.425,0.14,0.35647857,0.17275687,9.0
I,0.34233814,0.25975484,0.08,0.08039499,0.038757324,6.617423
F,0.525,0.33439544,0.1,0.10005177,0.18958077,13.0
M,0.71864736,0.5603843,0.19930276,0.8727798,0.41784957,12.0
I,0.12180689,0.09616325,0.007790086,0.0035173371,0.0010746216,2.5471895
M,0.4415799,0.36,0.145,0.4177742,0.16476895,11.0
M,0.12806238,0.10069317,0.023285553,0.003093879,0.0013530914,7.0
F,0.535,0.3980633,0.155,0.36967522,0.24350052,12.0
F,0.68530804,0.5446914,0.195,0.6569766,0.36493418,17.0
M,0.475,0.34031633,0.12,0.1087583,0.118470475,8.0
M,0.615,0.49,0.175,0.46212015,0.25693724,18.827951
I,0.5,0.395,0.13756606,0.19062206,0.14162341,8.0
I,0.13405286,0.10239914,0.014905634,0.0045986474,0.0018368922,4.0
M,0.68438035,0.5334057,0.19,0.73066103,0.36679617,11.0
I,0.110002466,0.09,5.2740666e-07,0.002500321,0.0005,2.001434
F,0.59,0.46078596,0.155,0.43854535,0.2246325,10.0
I,0.110708065,0.0901702,0.00041986807,0.0025318833,0.0005028962,2.0710206
I,0.4278091,0.325,0.105,0.17671254,0.08061179,7.0
F,0.8141076,0.646656,1.0340908,1.4863452,0.7540748,13.0
F,0.59,0.2702929,0.15,0.5225806,0.27699664,6.0
F,0.5349958,0.40709403,0.135,0.33716485,0.159252,8.0
M,0.64422345,0.50540334,0.175,0.6007188,0.29074752,11.0
I,0.44,0.3342273,0.105,0.16701204,0.07987179,9.0
I,0.11004757,0.0900043,2.2052056e-05,0.0025045522,0.0005,2.0089312
I,0.66,0.64802337,0.09483048,0.5354191,0.17610928,5.0
M,0.53662014,0.415,0.135,0.33767012,0.16117859,9.0
M,0.57,0.44649032,0.15,0.38200054,0.19560266,11.0
I,0.4622396,0.35458893,0.11369143,0.19889887,0.09363077,9.0
M,0.6096663,0.5049131,0.15,0.56483096,0.2776468,12.0
M,0.29912832,0.22905406,0.08,0.039861925,0.033384435,9.0
F,0.61,0.475,0.165,0.477082,0.24694319,10.0
I,0.42887315,0.325,0.1,0.16560265,0.07496915,7.0
F,0.6820446,0.53173643,0.18559752,0.69194293,0.36054578,11.0
I,0.41074905,0.3109944,0.1,0.13838486,0.06403375,8.0
M,0.60507005,0.45,0.155,0.46854872,0.21533585,10.0
F,0.8125194,0.64311796,0.90019387,1.4775208,0.7434158,13.0
I,0.11004254,0.09000357,1.8862875e-05,0.0025041746,0.0005,2.0086381
M,0.29143113,0.22317104,0.0799519,0.037686102,0.03115573,9.0
F,0.6362844,0.5155448,0.18,0.50027335,0.27563733,15.0
I,0.65,0.52351403,0.19466469,0.57387197,0.3115348,19.930779
I,0.6303867,0.455,0.105,0.24036749,0.1256715,17.847826
I,0.3119046,0.22240241,0.0662693,0.045828033,0.031980477,6.640563
M,0.6671518,0.525,0.18954714,0.65328604,0.3325021,13.860311
M,0.20694372,0.1474621,0.054029837,0.015883269,0.009377264,5.0
F,0.2447785,0.18833947,0.066793546,0.016750082,0.020419424,10.0
F,0.615,0.4839204,0.165,0.49635103,0.25744367,10.0
F,0.77888477,0.5932549,0.21080859,1.2261004,0.58058894,11.0
F,0.64,0.505,0.175,0.5716507,0.2932799,10.0
F,0.58610857,0.46,0.15831195,0.4219971,0.22111918,11.0
I,0.555,0.43015537,0.145,0.34346697,0.16653018,10.0
M,0.11017454,0.09000723,0.0001279489,0.0025052878,0.0005001069,2.0945044
M,0.73848563,0.5777098,0.20717609,1.0930371,0.47412255,11.982613
I,0.62,0.49,0.17478022,0.4749676,0.24886166,15.0
F,0.6467952,0.51,0.175,0.58446145,0.30165464,11.0
I,0.3389191,0.25628263,0.08,0.077717885,0.038132694,7.0
M,0.7365797,0.5768248,0.20517527,1.0889933,0.44349608,12.0
I,0.45202756,0.34723878,0.11,0.17804737,0.08663378,9.0
M,0.11078024,0.090073824,0.0012471696,0.0025321709,0.0005020397,2.115694
M,0.78935885,0.19786578,1.1229064,0.2643911,0.118436925,9.0
M,0.6963035,0.5233081,0.42557397,0.2484811,0.2740758,10.0
I,0.6295998,0.4907613,0.17,0.49463192,0.25800022,11.0
F,0.6211323,0.49,0.17,0.48813495,0.26229706,12.0
I,0.11642984,0.093221515,0.0042464104,0.0029362026,0.0006862047,2.5658617
M,0.63,0.49741536,0.17,0.5498777,0.27112988,10.0
F,0.7226121,0.56252635,0.195,1.0028889,0.432008,10.0
I,0.2351313,0.34422427,0.11,0.44035864,0.051646795,6.0
F,0.67763543,0.53341824,0.19104154,0.64166737,0.34917298,15.0
M,0.7982469,0.62193125,0.30125952,1.4164691,0.67242044,12.0
I,0.3639196,0.09,0.15478162,0.13949625,0.037969984,7.0
I,0.11029657,0.090049505,0.00017140212,0.0025162802,0.0005007246,2.034125
I,0.22988383,0.16802618,0.053308863,0.02323614,0.013017298,5.0
M,0.8118759,0.642335,0.96922207,1.4796907,0.74065274,13.0
F,0.5,0.38036388,0.125,0.28942713,0.13235882,6.0
M,0.78516376,0.6103341,0.22295515,1.2919531,0.6088417,14.0
M,0.625,0.4898579,0.16691694,0.520212,0.26192483,10.0
F,0.637213,0.5040706,0.175,0.5388582,0.2851814,12.0
F,0.31337294,0.24611942,0.08,0.04889527,0.038276553,9.0
F,0.6563806,0.515,0.18,0.60699886,0.31113672,11.0
M,0.5174858,0.43,0.125,0.36451766,0.18007226,10.0
F,0.53,0.42,0.15,0.3507278,0.18506297,9.0
F,0.48,0.37890756,0.13,0.21274653,0.12619065,13.0
M,0.70902765,0.5500984,0.195,0.83156574,0.40360555,12.0
I,0.5483434,0.39,0.18558493,0.17492566,0.1739181,5.0
M,0.5700476,0.45,0.15,0.38257414,0.19938457,12.0
F,0.625,0.475,0.175,0.4988104,0.26681998,16.142351
I,0.515,0.39820173,0.12902893,0.27776313,0.13094424,9.0
I,0.110152945,0.09002085,8.52333e-05,0.0025107113,0.0005002659,2.019644
F,0.44,0.3334405,0.11,0.17799781,0.089192614,8.0
F,0.6143441,0.48284656,0.18,0.39125076,0.23671058,12.0
F,0.45944282,0.35469285,0.12,0.19723871,0.10451547,9.0
M,0.515,0.395,0.13,0.28363264,0.14162003,10.0
M,0.8127633,0.64400387,1.0143421,1.4829252,0.7462788,13.0
I,0.555,0.43,0.14,0.35228762,0.16894129,9.0
F,0.29557422,0.2336981,0.08,0.039188717,0.03518625,10.0
F,0.4845701,0.375,0.12199319,0.2425437,0.12308191,9.0
M,0.3483149,0.2660908,0.09,0.07266745,0.04518227,9.0
F,0.28612506,0.22509667,0.078556076,0.035167508,0.03239293,10.0
F,0.81152457,0.64093477,0.80657625,1.4737302,0.7362791,12.507774
I,0.62,0.49114648,0.175,0.47674876,0.25111908,15.073822
F,0.31810355,0.24729227,0.08017079,0.05383531,0.03858634,9.0
F,0.8145741,0.64863855,1.0872782,1.4867072,0.7580307,15.14823
M,0.15702374,0.11587746,0.041524407,0.0057284147,0.0035002318,6.0
I,0.11008453,0.09000826,4.0194645e-05,0.002506528,0.0005000877,2.0165315
F,0.56358916,0.44,0.15,0.3600763,0.19268894,11.0
I,0.465,0.26159146,0.008632293,0.0049026934,0.03878972,7.0
F,0.5593935,0.435,0.14817242,0.36071092,0.19084165,10.0
I,0.1100099,0.09,3.125113e-06,0.0025010891,0.0005,2.003217
F,0.7560835,0.5822577,0.20701632,1.0323542,0.48246267,12.0
I,0.585,0.4630277,0.15948774,0.40002847,0.20860876,13.310874
F,0.69184303,0.5234848,0.165,0.81059444,0.39478916,11.0
F,0.8054365,0.632583,0.38227585,1.4054245,0.7024411,13.0
F,0.59172314,0.465,0.16,0.42728588,0.22782157,11.0
F,0.4603274,0.46786535,0.16229965,0.40273905,0.018138826,11.0
I,0.11045431,0.09008295,0.0002559483,0.0025213799,0.00050130306,2.0572898
M,0.7674029,0.5849769,0.21476279,1.2107558,0.5334896,13.0
M,0.525,0.40749595,0.13695139,0.29519743,0.15455773,12.0
I,0.38042325,0.29,0.09,0.12433587,0.057796918,7.0
F,0.555,0.43,0.15,0.36967143,0.19133763,9.0
M,0.8125163,0.6435579,0.954091,1.4808956,0.74037766,13.0
M,0.2640125,0.1951873,0.07,0.025776496,0.020578707,8.0
F,0.73975646,0.5798764,0.20612754,0.97305995,0.47255945,13.0
M,0.766676,0.5897457,0.21768008,1.1585932,0.5243101,14.0
I,0.12733164,0.09778604,0.010041982,0.003784689,0.0013742448,3.847501
M,0.5624981,0.43898904,0.149317,0.36521837,0.18647046,11.0
F,0.29072392,0.2208417,0.074962065,0.046487983,0.029581955,7.0
F,0.475,0.37,0.15,0.25592533,0.14811334,9.0
I,0.11328686,0.09157292,0.0021242655,0.002673675,0.00055075035,2.3488727
F,0.61044914,0.48,0.165,0.48053297,0.25089425,10.0
M,0.575,0.45,0.16,0.37735316,0.23118436,13.0
F,0.6531803,0.515,0.17776528,0.60809433,0.30983818,11.0
F,0.81493145,0.64974105,1.1004006,1.4879816,0.7596471,15.0
I,0.28101066,0.2087326,0.069281705,0.052239865,0.02454995,4.2105975
M,0.5894595,0.46,0.155,0.43671072,0.21855581,10.0
I,0.41060162,0.31753656,0.097710885,0.1521147,0.07100145,7.0
I,0.535,0.41181663,0.14,0.30285215,0.14608315,10.0
M,0.55,0.47541532,0.16,0.40141135,0.1655178,10.0
I,0.80711514,0.14474036,0.17,0.33854175,0.27670667,11.0
M,0.6946832,0.5611398,0.20871532,0.6910956,0.38851932,13.819652
M,0.5230985,0.325,0.16,0.39795452,0.22303207,8.0
I,0.39623356,0.3,0.09285544,0.100659326,0.050662003,8.0
F,0.58,0.44389424,0.1867232,0.26111963,0.24323437,9.0
M,0.8143362,0.64747614,1.0870974,1.4874802,0.75637496,13.351537
I,0.44273415,0.34069946,0.10744142,0.17596264,0.08403387,8.0
I,0.525,0.5636146,0.18,0.31720603,0.12652797,9.0
M,0.63,0.48004887,0.165,0.57229644,0.2979684,9.0
F,0.81294185,0.6442449,0.9446483,1.4787173,0.74633205,13.0
M,0.27338013,0.20207767,0.07,0.029706016,0.022418547,8.0
F,0.6538339,0.51,0.18,0.61022073,0.30985665,10.397832
M,0.11441716,0.09130705,0.0070872805,0.0027673347,0.0005564048,2.3204606
I,0.565,0.44,0.145,0.36726192,0.17985909,9.0
M,0.5688794,0.44,0.15,0.3805639,0.19340573,10.0
M,0.7612251,0.583666,0.21325913,1.2090465,0.51540214,12.0
F,0.73578864,0.57465565,0.2,1.0032071,0.46632424,11.0
I,0.11991871,0.09511176,0.0065249037,0.00327488,0.0009108479,2.7058914
F,0.615,0.485,0.17,0.46978384,0.25701255,14.0
M,0.43925917,0.33148664,0.10887227,0.18192154,0.08692301,8.0
I,0.2138257,0.15629917,0.04865853,0.020260615,0.011026951,4.01051
M,0.40898517,0.355,0.13,0.26017505,0.07889541,9.0
F,0.3944581,0.30335125,0.1,0.11323388,0.067048796,10.0
I,0.110101596,0.09001182,5.3095162e-05,0.0025084047,0.00050013646,2.0149326
M,0.53414273,0.4110831,0.135,0.32236043,0.15912293,9.365025
M,0.62291616,0.47,0.17,0.50090444,0.24639238,12.0
F,0.5029512,0.4013559,0.14,0.27071854,0.21997218,11.0
I,0.11018213,0.09002401,9.743899e-05,0.0025113751,0.00050031196,2.0260956
F,0.575,0.45,0.16,0.44816858,0.22167653,12.0
F,0.61,0.325,0.195,0.20862368,0.032949947,16.332651
M,0.36526182,0.5379894,0.095,0.13478184,0.10603112,8.0
F,0.5810935,0.46258742,0.155,0.42056143,0.21894822,11.0
F,0.7984283,0.6223988,0.22098295,1.3504008,0.6657462,13.0
F,0.65460294,0.52116376,0.18763009,0.5714707,0.30971026,16.441616
I,0.11022709,0.090032175,0.00012351295,0.0025131258,0.00050043897,2.031347
F,0.4026205,0.30843762,0.1,0.11951399,0.0708059,10.0
F,0.81472564,0.6491561,1.1030055,1.4874176,0.75921273,15.509001
I,0.12709066,0.098785155,0.0110081555,0.0040988103,0.0014402132,2.7042222
M,0.6036296,0.475,0.165,0.45318946,0.24016601,14.0
M,0.625,0.49398148,0.17,0.525859,0.266143,11.0
M,0.54065424,0.42,0.14,0.33335176,0.16819364,10.0
M,0.6,0.475,0.16,0.4593681,0.23507915,11.0
M,0.71768,0.558633,0.19600217,0.88062894,0.41720977,11.143311
M,0.11039525,0.0900218,0.0005329026,0.0025134988,0.00050046534,2.2634218
I,0.3779512,0.40060663,0.135,0.20595926,0.12002695,8.0
F,0.59,0.465,0.16,0.41337636,0.22201349,15.687754
F,0.525,0.4037326,0.135,0.30088198,0.15510862,9.698641
F,0.7210659,0.5127638,0.13837323,1.0271696,0.21970691,2.6980915
M,0.6,0.46,0.14,0.50671,0.20995876,9.0
F,0.72510016,0.57273656,0.20322102,0.8208895,0.4425952,16.0
M,0.812575,0.6433314,1.0019702,1.4830401,0.74540716,13.0
I,0.17663069,0.12615553,0.038632225,0.010701541,0.005500833,3.8614984
F,0.65533346,0.515,0.175,0.63317555,0.31316093,10.0
M,0.59,0.4617244,0.155,0.44248918,0.22049147,10.0
F,0.39852777,0.61396813,0.068722725,0.29966787,0.17375027,14.0
F,0.18157187,0.25603762,0.06501242,0.03358732,0.1974336,2.8270833
F,0.5322884,0.41298097,0.14,0.30860785,0.16297032,10.0
M,0.601204,0.3,0.145,0.32765844,0.18806113,5.8791614
F,0.59,0.4612595,0.15820377,0.4313395,0.22396731,10.0
M,0.8122081,0.37,0.18,0.10840944,0.087739676,26.941553
F,0.30558643,0.21455231,0.08314498,0.06315163,0.06353575,6.0
I,0.3934288,0.24889952,0.06089099,0.43627468,0.09940863,9.0
F,0.46623194,0.35937005,0.12,0.21133071,0.109321125,9.0
M,0.79509425,0.62187296,0.5668031,1.3640417,0.6781955,14.0
I,0.45139545,0.33880907,0.10557241,0.18684322,0.07390902,9.468793
F,0.43164828,0.32804078,0.11,0.16098411,0.08558398,9.0
F,0.71416533,0.55580693,0.195,0.7931986,0.40797055,12.0
M,0.18786505,0.13449998,0.04780977,0.009474965,0.0064037656,6.0
F,0.80209285,0.62958866,0.23633519,1.3550067,0.68116313,14.0
F,0.3794562,0.28270674,0.095,0.12113536,0.056793183,7.0
M,0.585,0.475,0.075729296,0.265233,0.11841455,11.0
M,0.64,0.5043961,0.175,0.5731235,0.287044,11.0
F,0.7253209,0.5657103,0.195,0.94496167,0.44355664,10.0
F,0.6,0.47,0.16,0.4499132,0.23497927,10.0
F,0.36392066,0.28,0.0945967,0.08235875,0.055266198,9.310462
I,0.43648925,0.3301659,0.10498667,0.17236197,0.07979253,7.0
F,0.525,0.405,0.135,0.30118868,0.15625672,10.0
M,0.4230842,0.31389302,0.10729811,0.16707714,0.082064725,8.0
F,0.7278593,0.56801903,0.19668092,0.9348105,0.4478581,11.0
I,0.3385095,0.25767627,0.08,0.070046164,0.037635256,8.0
F,0.80122674,0.62519777,0.2229788,1.3924342,0.684024,12.0
M,0.15821983,0.11775289,0.042487733,0.0049264394,0.0037797806,7.0
F,0.6973454,0.5443235,0.19,0.72779673,0.38061264,11.0
M,0.5392785,0.38929814,0.16093835,0.50254345,0.21817735,9.0
F,0.54586476,0.44,0.15,0.32827294,0.17509691,16.0
F,0.7809605,0.59731513,0.21186158,1.2160367,0.5877501,12.0
M,0.6,0.47,0.16,0.46542034,0.23455964,10.0
F,0.81380105,0.6459971,1.0206873,1.4844855,0.7529605,13.0
I,0.37813246,0.28796884,0.09,0.119945236,0.054599445,6.0
M,0.8142769,0.647294,1.0871571,1.4874009,0.7563193,13.221894
I,0.4735609,0.36002123,0.115,0.22208308,0.102517925,7.474459
F,0.57,0.44731307,0.15,0.39460298,0.20381021,10.0
M,0.11030776,0.09001613,0.00038660914,0.002511641,0.00050032476,2.1782095
F,0.71104324,0.55,0.195,0.81147075,0.4082378,10.295883
M,0.57,0.4429711,0.15,0.38910156,0.1949895,10.0
M,0.72397125,0.5645227,0.2,0.9804329,0.43924412,11.0
I,0.29745856,0.22331524,0.07058186,0.053658966,0.028071122,6.0
M,0.79832476,0.6223304,0.31924015,1.4143312,0.6722794,12.420228
F,0.53,0.4055906,0.15,0.3000192,0.16843607,9.0
M,0.65,0.51,0.175,0.62699425,0.30577102,10.0
M,0.8028238,0.62892264,0.5440807,1.434792,0.6923098,13.0
F,0.27018332,0.20536613,0.07,0.025306944,0.025282491,9.0
M,0.42060718,0.3250479,0.11,0.13453992,0.082920544,11.0
M,0.684097,0.52799654,0.18956424,0.78969353,0.39072502,10.0
M,0.53,0.405,0.13369027,0.32132137,0.1524421,9.0
F,0.57,0.4414556,0.145,0.40965882,0.19190107,9.0
F,0.20418243,0.45,0.175,0.72256935,0.7536726,2.1357982
I,0.4407925,0.3552047,0.11,0.21964358,0.085938856,7.0
I,0.17225085,0.123796955,0.036157206,0.009504288,0.004985817,4.0
I,0.5205687,0.4,0.13040568,0.2875548,0.13624978,10.0
F,0.5708475,0.44966477,0.15,0.3991363,0.20271032,9.0
M,0.63,0.5012545,0.18,0.51277095,0.27508694,16.990917
I,0.635,0.50861174,0.185,0.515866,0.2802261,18.171228
F,0.63,0.495,0.17,0.52888536,0.27446717,10.0
M,0.31880695,0.2379522,0.08,0.08271008,0.03326043,4.382381
F,0.81394327,0.64622086,1.0271442,1.4856093,0.7535834,13.0
M,0.635,0.5003607,0.175,0.5516448,0.28099254,12.0
F,0.61848426,0.475,0.15,0.4722078,0.27123085,8.0
I,0.45015872,0.425,0.14841318,0.2705309,0.17139876,10.0
M,0.27235737,0.20173807,0.07,0.0278611,0.02245575,9.0
I,0.11070933,0.09017222,0.0004227442,0.002532119,0.0005029357,2.0694764
M,0.63,0.5,0.175,0.537863,0.27198848,11.0
I,0.7292757,0.26094064,0.095,0.126274,0.08686133,9.0
M,0.66668814,0.525,0.18619771,0.6563249,0.33081135,12.0
M,0.287307,0.21765853,0.076928385,0.03708378,0.0287555,9.0
F,0.65728796,0.5204364,0.18547794,0.5842393,0.3117705,14.891395
F,0.8143434,0.64740026,1.0545034,1.4870342,0.7560048,13.0
F,0.43916005,0.33533362,0.11,0.16646026,0.08945866,9.0
I,0.27340326,0.20085935,0.06624209,0.03756612,0.020912282,6.0
M,0.5136911,0.395,0.13,0.28451732,0.14073329,9.954662
M,0.7015286,0.5498596,0.19068444,0.82660526,0.3920439,10.0
I,0.28743896,0.21590924,0.07,0.05011288,0.026067283,6.0
F,0.6317871,0.50149876,0.17259291,0.53998893,0.2994407,11.0
F,0.62,0.49,0.17336926,0.4821368,0.26190275,13.0
I,0.1134272,0.091701485,0.0022972836,0.0027035263,0.0005612811,2.2113168
F,0.50562984,0.39152697,0.135,0.26646933,0.14086214,10.0
I,0.11029368,0.090043835,0.00015869808,0.0025153272,0.00050062494,2.0429335
F,0.6794614,0.5282409,0.18317756,0.69355524,0.36259905,10.0
M,0.6677488,0.525,0.18597014,0.57759464,0.30855924,14.631226
F,0.49379176,0.38,0.13,0.24592979,0.13002452,10.0
M,0.51592654,0.39337274,0.125,0.30948424,0.14847417,9.0
I,0.3881103,0.29782555,0.09489255,0.1207417,0.057247434,8.0
M,0.27616778,0.20411904,0.07,0.034151126,0.022913499,7.0
F,0.37892604,0.2931422,0.1,0.09719544,0.062425975,9.644516
F,0.81108,0.6404144,0.7710827,1.4681971,0.73375326,13.0
I,0.11009135,0.09000973,4.2148586e-05,0.0025072973,0.00050009857,2.0176368
F,0.5979518,0.27033037,0.135,0.18763693,0.14273499,12.0
F,0.8031113,0.62843204,0.22433697,1.3964157,0.69316936,12.876461
F,0.625,0.49185476,0.17,0.5054191,0.2676084,11.0
M,0.7286879,0.5745444,0.20944062,0.916695,0.4469754,15.0
F,0.78558564,0.60157776,0.2121175,1.2921726,0.61238164,11.0
I,0.48911777,0.37663877,0.12,0.23819783,0.11132694,9.0
F,0.3615912,0.27827862,0.09026804,0.08298158,0.052183982,9.0
M,0.81481564,0.64928883,1.1107879,1.4879589,0.75895625,14.0
I,0.12766835,0.09894399,0.01116254,0.0040538074,0.0014573837,3.1868985
F,0.7893025,0.60926026,0.2149355,1.2779993,0.62518847,12.0
F,0.59,0.47,0.17,0.4190292,0.23035602,14.390247
I,0.44738823,0.34454706,0.11,0.18312345,0.0861345,8.0
M,0.8020762,0.6306087,0.61433315,1.4110911,0.6857602,14.0
M,0.6,0.4702164,0.155,0.48180225,0.23356172,9.0
M,0.61892855,0.485,0.16918609,0.49567452,0.2559688,11.0
I,0.11000133,0.09,0.0,0.0025003194,0.0005,2.0009353
M,0.7774732,0.59500384,0.21675266,1.2955984,0.5808125,12.0
F,0.693288,0.5382059,0.1868497,0.73123133,0.37661698,10.0
F,0.8040491,0.6324718,0.3741192,1.3713788,0.6911624,14.0
F,0.3846368,0.3,0.1,0.10710372,0.063015595,9.0
I,0.45249954,0.3450768,0.11,0.18949851,0.088180155,8.0
F,0.48349512,0.3721616,0.125,0.24534857,0.12289915,9.0
I,0.44073325,0.33978516,0.10633877,0.17453808,0.08354276,8.0
I,0.11176292,0.090742104,0.0010991644,0.002584084,0.0005153836,2.1508236
F,0.6901244,0.53703344,0.18795694,0.7122215,0.37111598,11.0
I,0.55,0.47984058,0.155,0.26689506,0.17072812,10.0
I,0.11,0.09,0.0,0.0025001788,0.0005,2.00055
I,0.11797296,0.09410628,0.005388695,0.0031284182,0.0007953566,2.400805
M,0.62,0.4855917,0.17,0.50189704,0.25372824,11.0
I,0.11169266,0.09070502,0.0008366559,0.0025876355,0.0005122602,2.156359
M,0.59151274,0.465,0.155,0.44289622,0.2220646,10.0
I,0.7320202,0.09000517,0.7575152,0.08285212,0.24983887,16.504879
M,0.11077269,0.09005632,0.0011315097,0.0025186178,0.0005012422,3.3765154
M,0.34152558,0.2632154,0.08921797,0.06260299,0.044477727,10.0
I,0.28720647,0.21615478,0.07,0.048911016,0.026538668,6.0
M,0.11228081,0.0903863,0.0035706053,0.0025596584,0.00051121117,4.0
M,0.7308798,0.57044995,0.20293476,1.0418401,0.4585935,11.0
I,0.5251691,0.405,0.13166496,0.2936062,0.13961178,9.0
M,0.22889371,0.16929856,0.062649295,0.014344965,0.013978825,9.0
F,0.4603817,0.36,0.125,0.18857166,0.112184145,12.621112
F,0.19868799,0.13992035,0.047575124,0.011145263,0.008562814,6.0
F,0.565,0.45,0.145,0.4118271,0.18593824,9.0
F,0.39845076,0.3048723,0.16,0.38557535,0.20595412,11.0
F,0.39622405,0.3001664,0.1,0.12214811,0.06614253,9.0
M,0.74138844,0.5829338,0.2149949,1.0113823,0.4754666,16.0
I,0.51921993,0.4,0.13,0.27891576,0.1321081,9.0
F,0.46774465,0.36,0.12,0.20927846,0.11099501,10.0
F,0.6892603,0.35,0.19,0.45271307,0.24920294,26.90185
M,0.78236794,0.6001195,0.21811406,1.335444,0.60361445,12.0
I,0.11108102,0.0903407,0.0006571204,0.0025497482,0.00050615164,2.09763
M,0.7894964,0.6089393,0.22091301,1.3815085,0.63586587,12.0
M,0.635,0.46,0.16809265,0.5147977,0.24290578,12.0
I,0.4375752,0.3309917,0.105,0.17138436,0.08006627,7.0
I,0.26419926,0.19400306,0.059611,0.038152963,0.01934785,5.0
I,0.56174725,0.091216534,0.063862,0.0043353373,0.059185628,11.0
M,0.51230067,0.395,0.135,0.27442366,0.1416642,11.0
F,0.8130378,0.64583576,1.022393,1.473949,0.74861836,15.405551
M,0.12998447,0.09995714,0.022911333,0.0038598268,0.0014120386,4.0
F,0.615,0.48337013,0.165,0.49320066,0.25677648,10.0
I,0.11698732,0.16846493,0.0012787972,0.55190104,0.12941574,6.0
F,0.42460176,0.25257733,0.14,0.038831875,0.03842284,7.0
I,0.6406138,0.51078635,0.1889286,0.53899336,0.2939648,18.57835
M,0.64,0.50801504,0.18,0.5547547,0.2897714,14.0
F,0.44119254,0.2071186,0.111497104,0.13048154,0.19886632,11.0
F,0.80075073,0.62439495,0.22172461,1.390725,0.6795831,12.0
F,0.47042075,0.36,0.12,0.21870741,0.110918224,9.0
M,0.6256745,0.5043495,0.185,0.49151355,0.27548158,21.163609
M,0.22230247,0.16431876,0.061256953,0.012698891,0.012990531,9.0
F,0.6043774,0.475,0.165,0.45803893,0.24294898,11.0
F,0.3614606,0.27561012,0.09,0.088411614,0.049760424,8.0
F,0.5702478,0.42561352,0.165,0.49405083,0.29568878,9.0
M,0.814708,0.64885694,1.1082486,1.4878933,0.75874025,14.0
M,0.7927029,0.6150707,0.22337185,1.3823546,0.6466831,12.292835
I,0.11,0.09,0.0,0.0025002593,0.0005,2.0007567
M,0.6221586,0.4984565,0.175,0.48836342,0.26174036,17.663242
M,0.615,0.485,0.17,0.48265773,0.2548326,13.71219
M,0.3114719,0.23227519,0.08,0.061256118,0.033094473,6.0115433
F,0.645,0.27676076,0.002478948,0.24176823,0.34700716,13.746885
M,0.49742174,0.38154975,0.125,0.2566824,0.12853302,9.105017
F,0.69205344,0.5380955,0.18919902,0.71491444,0.37284634,11.0
I,0.13561222,0.09043195,0.08860248,0.06666323,0.1164026,7.0
I,0.6,0.405,0.14,0.41570425,0.20195302,10.0
I,0.16633204,0.12021668,0.03268102,0.008401536,0.004385473,4.0342913
M,0.66866666,0.525,0.18563811,0.6582827,0.33504632,11.0
M,0.6371781,0.3,0.19095773,0.52643496,0.37643287,8.0
I,0.475,0.38,0.13,0.12894528,0.08547616,10.0
F,0.81018,0.63826877,0.668716,1.464992,0.73009384,12.0
M,0.6256849,0.466672,0.165,0.54219186,0.27277204,10.0
I,0.6,0.47159478,0.16,0.4391514,0.22291705,11.0
F,0.595,0.47,0.16226205,0.43354413,0.23172209,12.0
I,0.11003637,0.09000299,1.548751e-05,0.0025036696,0.0005,2.0095077
M,0.5730784,0.465,0.175,0.5171529,0.19633791,12.0
I,0.110094994,0.09001024,4.7640093e-05,0.0025077034,0.00050011533,2.0153522
M,0.6387031,0.50293684,0.175,0.5724463,0.28583673,11.0
I,0.11014055,0.09001632,7.125652e-05,0.002509572,0.0005001983,2.0230033
F,0.61,0.47878557,0.165,0.4752961,0.24877019,11.0
I,0.38285357,0.29,0.09,0.11504016,0.052718595,7.0
M,0.625,0.5,0.18,0.49083078,0.27026463,19.0111
F,0.8129604,0.6436859,0.93179,1.4808784,0.74736834,13.0
M,0.54809135,0.425,0.145,0.35265332,0.17614847,9.0
M,0.625,0.49,0.17,0.51700145,0.26214248,11.0
I,0.11296315,0.09141246,0.0019275397,0.002657995,0.0005429992,2.2502043
F,0.81481725,0.6494048,1.106246,1.487803,0.75944835,15.357645
F,0.49328622,0.38,0.13,0.25987384,0.13494217,9.0
F,0.3693613,0.28451833,0.095,0.09011975,0.057377037,9.0
F,0.25396392,0.19511336,0.06885279,0.019568594,0.021618558,9.099113
I,0.20158212,0.14519204,0.04559209,0.017615126,0.009082803,3.9073448
M,0.5884546,0.46,0.155,0.4377786,0.21787773,10.0
F,0.61,0.476233,0.165,0.47516707,0.24741128,10.86456
I,0.35964525,0.27420643,0.08,0.09190579,0.041898813,7.0
M,0.7233332,0.56389517,0.2,0.9394259,0.43721217,11.0
M,0.6753884,0.525,0.185,0.70183784,0.34920934,11.0
F,0.595,0.47,0.165,0.42410573,0.23265663,14.0
F,0.81292254,0.6439684,0.9352101,1.4795704,0.7465383,13.0
F,0.465,0.355,0.11706178,0.2131152,0.10597857,8.0
I,0.36946627,0.28,0.09,0.097261526,0.04728584,8.0
M,0.565,0.44,0.145,0.3652025,0.1843811,10.923554
I,0.45465335,0.35,0.11,0.19077113,0.08978686,8.0
M,0.5418602,0.4199177,0.14,0.34770587,0.16872492,9.0
M,0.68931013,0.63996905,0.16,0.65288997,0.29217455,8.0
F,0.5578988,0.435,0.145,0.36863026,0.18875515,9.0
M,0.76520413,0.5843849,0.21392208,1.2090968,0.5281741,13.0
F,0.7199047,0.09,1.103625,0.13541523,0.07239087,11.0
M,0.112174086,0.09034961,0.0034531895,0.002576667,0.0005115513,2.8903854
F,0.615,0.485,0.17426147,0.4635516,0.2567382,15.0
I,0.32595864,0.24716344,0.08,0.076419495,0.036094666,6.0
M,0.5675934,0.4,0.07,0.36600915,0.25796157,6.0
M,0.61,0.47753435,0.165,0.48238963,0.24490927,11.0
I,0.38116327,0.26913175,0.054769374,0.098579556,0.022851957,6.097489
F,0.495,0.55,0.14,0.5899821,0.30578044,9.0
M,0.5828042,0.455,0.15,0.4296621,0.2117453,10.0
M,0.7177511,0.55818343,0.19625002,0.8789109,0.41149157,12.0
M,0.48,0.37164143,0.125,0.22390965,0.11956662,11.0
F,0.6019444,0.5231186,0.175,0.4697782,0.2848815,14.0
M,0.7068784,0.55,0.19350234,0.83407694,0.40108243,11.0
F,0.57,0.4334468,0.15,0.3803305,0.18291447,9.0
M,0.5783856,0.51,0.17,0.63972765,0.39183396,10.0
M,0.7351216,0.5762478,0.20827322,1.0015883,0.4667402,13.0
I,0.54122025,0.4,0.13,0.33689284,0.12046917,7.0
F,0.45986858,0.35436934,0.119068064,0.19914418,0.10445647,9.0
F,0.51717186,0.3998906,0.135,0.2871228,0.14731824,10.0
F,0.6372787,0.501225,0.175,0.5510725,0.2874117,11.0
M,0.8024172,0.62765366,0.49874508,1.4382474,0.69183564,12.104103
M,0.43234545,0.38342556,0.13,0.1689479,0.14558399,10.0
F,0.7155258,0.5574543,0.19321881,0.80405736,0.40586194,12.0
I,0.71158373,0.43894887,0.125,0.34743288,0.09942968,11.0
F,0.25583178,0.19465452,0.068534516,0.020773945,0.02140018,9.0
I,0.11299771,0.091460615,0.0019380663,0.0026539168,0.0005412165,2.379408
M,0.46466312,0.355,0.115,0.20915048,0.10444512,9.0
I,0.41495326,0.3134422,0.1,0.14421917,0.06574539,8.0
M,0.59,0.46,0.155,0.44220772,0.21871679,9.0
F,0.62,0.48918822,0.17343754,0.47730315,0.2603435,14.0
F,0.12865064,0.09811679,0.015680714,0.003568915,0.0013408668,4.0
I,0.11208373,0.09090622,0.0013126227,0.002602096,0.0005210887,2.1854243
M,0.5471998,0.42466187,0.14,0.342695,0.17119686,10.0
F,0.6776671,0.53631514,0.195,0.63046944,0.35019788,17.0
I,0.53,0.4094772,0.13,0.31140184,0.14460179,8.0
F,0.28057322,0.21840446,0.07488262,0.031952724,0.029811848,9.0
M,0.49986503,0.3852244,0.135,0.26450342,0.14838623,9.248458
F,0.635,0.5,0.175,0.5414978,0.28220654,11.0
M,0.71883553,0.5616079,0.2,0.8537439,0.41624415,13.5804615
F,0.7349515,0.57676625,0.20468597,0.9117502,0.4596132,13.1996565
F,0.59404665,0.465,0.16,0.43901974,0.22731337,10.0
F,0.4382046,0.3310623,0.10975046,0.17733698,0.087688036,8.0
I,0.11000205,0.09,0.0,0.0025003846,0.0005,2.0012023
I,0.37011197,0.28,0.09,0.103083156,0.047996037,7.0
I,0.110029295,0.0900013,1.703615e-05,0.0025012153,0.0005,2.0083802
M,0.585,0.6469824,0.155,1.4456487,0.31651324,4.9209194
I,0.33402318,0.19808006,6.2287574e-05,0.05779963,0.46582812,9.0
I,0.110021286,0.09000144,8.8062625e-06,0.0025024714,0.0005,2.0049825
F,0.6812133,0.53449315,0.1907504,0.6642751,0.35730287,12.0
F,0.5210278,0.40144277,0.13836859,0.2895987,0.15287356,10.0
M,0.8141384,0.6468789,1.0800864,1.4871669,0.75533277,13.0
I,0.575,0.45,0.15,0.3845628,0.18905157,10.0
F,0.56913525,0.44,0.14871989,0.3895691,0.19608244,9.0
I,0.14986748,0.108833134,0.023060665,0.006764629,0.0029670803,3.82268
M,0.5866049,0.46,0.155,0.4354619,0.21795976,10.0
M,0.68216807,0.53490996,0.19232112,0.69451094,0.36016735,14.0
M,0.33438236,0.2501947,0.089175664,0.062249377,0.039981082,9.0
I,0.57,0.44578916,0.14606243,0.3721908,0.18205775,10.0
I,0.617982,0.6492444,0.0013062616,0.84420836,0.29191643,26.950897
M,0.14008188,0.1061964,0.031832453,0.0044450574,0.002161454,5.0
F,0.475,0.36147568,0.12,0.22455832,0.11414507,9.0
I,0.60185695,0.475,0.16,0.4425822,0.22455375,12.0
F,0.24166718,0.1759849,0.061940018,0.02079204,0.016019937,7.0
I,0.5825868,0.45873946,0.155,0.39873478,0.19903052,11.0
I,0.23419848,0.27741435,0.125,0.25215858,0.100037895,5.0
F,0.595,0.475,0.16666596,0.42336294,0.23548004,15.964155
M,0.112154506,0.09039712,0.0036055238,0.0026116916,0.0005140449,2.1771057
F,0.56190354,0.44558787,0.15,0.38550794,0.20364183,10.0
M,0.66,0.515,0.17712285,0.67832804,0.31995958,9.948825
I,0.16282089,0.117896594,0.031004254,0.00862037,0.0042658052,3.8055534
I,0.6,0.475,0.16111304,0.43129602,0.22037275,13.0
F,0.27774534,0.20814645,0.07,0.035915766,0.025295025,7.0
F,0.38877934,0.3,0.1,0.11995078,0.06370976,8.0
F,0.79722416,0.61978394,0.2200131,1.366501,0.66836876,12.0
F,0.48,0.37019673,0.125,0.23976424,0.12135279,9.0
F,0.565,0.44,0.15,0.36474314,0.1944822,11.0
I,0.112562336,0.09118161,0.0016561297,0.0026336964,0.0005326183,2.2003038
I,0.4774248,0.36944562,0.118895836,0.22477818,0.10514088,8.0
M,0.635,0.5,0.175,0.56058127,0.27977502,11.0
M,0.57,0.45,0.15465428,0.35813066,0.19605361,15.0
I,0.14751607,0.10994618,0.021406371,0.0064005554,0.0028779998,3.6883168
I,0.3766495,0.28491893,0.09,0.11241041,0.052419253,7.0
F,0.6709267,0.51969975,0.18,0.6397035,0.35601258,9.591237
F,0.2924166,0.2259819,0.07820941,0.040360454,0.031910054,8.0
M,0.5471686,0.47,0.17598774,0.49710953,0.22030202,16.0
M,0.4870861,0.37072986,0.12,0.2593822,0.12031097,7.903671
M,0.62230057,0.49,0.17,0.5013734,0.26080513,12.0
F,0.79047215,0.6129821,0.21740504,1.2494204,0.62951064,13.0
I,0.11008367,0.09000889,4.145203e-05,0.0025070577,0.0005000958,2.013408
F,0.53,0.4082183,0.13864188,0.30998337,0.1591232,9.73877
M,0.4386962,0.33283347,0.11,0.1698487,0.087418914,9.0
M,0.45460898,0.30566522,0.0816908,0.19898629,0.083989784,11.0
F,0.62896603,0.48,0.18,0.54739493,0.2729846,13.0
M,0.75790125,0.56087345,0.18,0.85463285,0.41114902,10.0
F,0.7105629,0.5553966,0.19518939,0.7715782,0.40272138,15.0
F,0.38986802,0.2998987,0.1,0.13596115,0.06409288,7.0
M,0.8144741,0.6479297,1.0969067,1.487699,0.757476,13.486787
F,0.80833244,0.6359155,0.5425546,1.4474738,0.71759766,12.380996
F,0.5806547,0.4654514,0.165,0.38226095,0.22197343,18.321823
M,0.5363743,0.405,0.135,0.34703147,0.1780668,9.0
F,0.72245246,0.5637704,0.1980623,0.8457792,0.42678827,12.0
F,0.79069346,0.6104844,0.21493243,1.3034613,0.6315753,12.0
F,0.674596,0.52533036,0.185,0.6643306,0.3456417,11.0
M,0.18410356,0.24509422,0.16,0.28802186,0.07612846,12.0
M,0.48,0.378972,0.125,0.23680025,0.13971363,10.0
I,0.11030341,0.09005187,0.00017725397,0.0025166583,0.000500764,2.0338123
I,0.11009642,0.09001089,4.967688e-05,0.002508021,0.00050012395,2.014615
F,0.8137464,0.64651483,1.0234492,1.4808645,0.7517409,15.0
I,0.19833991,0.14320776,0.044430055,0.01557465,0.008411208,4.0
F,0.44186556,0.5681893,0.16,0.43879846,0.19596973,12.0
M,0.6226183,0.48747462,0.16744642,0.5164216,0.26016462,10.0
M,0.5883994,0.46500984,0.145,0.48704648,0.22552751,9.0
M,0.81191957,0.64244366,0.9721093,1.4797274,0.7410167,13.0
I,0.2531719,0.1856519,0.060974836,0.030935368,0.016516877,5.9142323
F,0.6626959,0.525,0.18,0.63130224,0.33730015,13.0
M,0.43058363,0.325,0.105,0.16424634,0.08360966,9.0
M,0.8136541,0.6457877,1.0559698,1.4859086,0.75183177,13.192974
I,0.26283145,0.19338301,0.063033536,0.036708273,0.01906977,5.0
F,0.61,0.47762913,0.165,0.48402867,0.2501083,10.0
F,0.70715547,0.51,0.15,0.50549626,0.29393107,12.0
F,0.575,0.45,0.155,0.3876095,0.20575383,11.0
F,0.7152828,0.554984,0.19059427,0.84308374,0.4130406,10.0
M,0.645,0.51,0.17836942,0.5886572,0.29750228,12.0
I,0.34787413,0.2638803,0.08274894,0.08424522,0.040235825,7.0
F,0.625,0.49,0.169617,0.5135991,0.2660477,10.0
I,0.110691234,0.0901598,0.00040355872,0.0025306835,0.00050269713,2.0747552
M,0.6832364,0.5316085,0.18711664,0.7384294,0.3648207,11.0
I,0.475,0.36625925,0.11859726,0.21517348,0.10304986,9.0
M,0.81420124,0.64715004,1.0861859,1.4871358,0.756265,13.794044
F,0.55910325,0.43615115,0.15,0.35853937,0.19038115,11.0
F,0.65582067,0.515,0.18,0.5983089,0.31086197,12.0
I,0.30676645,0.23004472,0.073505834,0.05807011,0.030077863,6.0
M,0.7865448,0.6098632,0.22214298,1.3223987,0.61171544,13.0
M,0.5538354,0.4291139,0.14,0.3656595,0.17813747,9.0
M,0.7853374,0.60292506,0.2188835,1.3637536,0.6190747,12.0
F,0.625,0.49,0.17,0.5011304,0.2648831,11.0
I,0.111963205,0.09082742,0.0012106759,0.0025920863,0.0005178756,2.2186875
F,0.595,0.46674985,0.16,0.4431111,0.23018163,10.0
M,0.4077184,0.3071153,0.1,0.13615917,0.07052641,9.0
I,0.12207308,0.096263,0.007847929,0.0034782044,0.0010690796,2.8312695
M,0.6352798,0.50251323,0.17,0.57057977,0.2842166,10.0
M,0.625,0.5,0.18088937,0.49639243,0.27113664,18.742609
F,0.58070296,0.455,0.155,0.41790238,0.21549718,10.0
F,0.6,0.47188267,0.16,0.4555801,0.23851116,10.0
M,0.8141917,0.64701223,1.082545,1.4872904,0.7556608,13.0
I,0.19703951,0.1422046,0.044013917,0.013862691,0.007957935,5.0
I,0.11,0.09,0.0,0.0025002079,0.0005,2.000579
M,0.6801504,0.5340952,0.18176842,0.699035,0.33959383,11.0
I,0.114302956,0.092110716,0.0027910857,0.0027586715,0.0005910074,2.4504533
M,0.505,0.38811782,0.12649785,0.2719345,0.1345228,9.0
I,0.111756556,0.09073765,0.0010948465,0.0025836641,0.0005152691,2.1506305
F,0.7283563,0.56427854,0.19510137,0.9093183,0.44553217,10.0
M,0.535,0.415,0.14,0.31916386,0.16149195,10.0
F,0.20670332,0.14433123,0.049667414,0.014519412,0.009704536,5.0
I,0.22852647,0.16707884,0.0528724,0.02331035,0.012911074,5.0
I,0.11013196,0.09000573,9.624713e-05,0.0025044547,0.0005000868,2.036755
F,0.5373233,0.41683537,0.14,0.32625833,0.17168331,9.0
M,0.6369202,0.50153166,0.175,0.568183,0.28404942,11.0
F,0.80821896,0.6368971,0.5841915,1.4332446,0.7159526,13.0
F,0.62,0.485,0.165,0.49609518,0.26148164,10.0
M,0.641533,0.51,0.18,0.5598157,0.29282802,14.0
M,0.1894233,0.13365321,0.04817341,0.011992298,0.006584604,4.0
M,0.57,0.17191859,0.145,0.10104833,0.08454183,10.0
F,0.47251582,0.3716161,0.125,0.21096916,0.11679574,11.0
I,0.11003788,0.09000308,1.6472386e-05,0.0025038098,0.0005,2.007915
M,0.81054723,0.6397145,0.89792466,1.4757986,0.73400676,13.0
I,0.4861904,0.375,0.12,0.23505335,0.110042624,9.0
F,0.6,0.47,0.16,0.45144007,0.23653933,10.0
M,0.58,0.47,0.16113703,0.39410573,0.2133383,18.402552
I,0.27476823,0.3354957,0.1,0.0133274235,0.15801041,10.0
F,0.23825656,0.1700826,0.06053461,0.023445038,0.014821271,5.0338273
I,0.38294175,0.29,0.09496753,0.122094005,0.056839406,8.0
F,0.43678296,0.33466873,0.07053483,0.13738908,0.10029717,5.816876
F,0.65421736,0.515,0.17583475,0.60981864,0.31011224,11.0
I,0.11032388,0.09005738,0.00019097574,0.0025175274,0.00050085847,2.034833
F,0.5,0.32440326,0.16,0.15643734,0.15502016,9.0
F,0.6164023,0.485,0.16640924,0.48608133,0.25707155,11.0
I,0.11214041,0.09092572,0.0013383401,0.0026030873,0.00052162725,2.2194173
M,0.48684418,0.31267327,0.12436035,0.23936482,0.109481305,8.0
F,0.77005744,0.5836279,0.20257726,1.1285988,0.53713953,11.0
I,0.6108353,0.48397678,0.16548833,0.46065935,0.23822543,13.0
F,0.63206905,0.45,0.175,0.34243435,0.16065876,7.0
M,0.47588655,0.375,0.13,0.20296147,0.12355377,15.0
M,0.11388458,0.09100728,0.0061684186,0.0026910703,0.00054038916,2.646456
M,0.54,0.41739184,0.14,0.32421926,0.1810802,10.0
I,0.26548555,0.19539404,0.06365899,0.03825514,0.019845702,5.0
M,0.6979953,0.54496163,0.19107327,0.77690834,0.38510826,11.44342
F,0.8117604,0.64176536,0.8351668,1.471829,0.7386141,13.0
F,0.64,0.51,0.18,0.52682275,0.29156095,15.335416
M,0.6683318,0.53145593,0.2,0.69906056,0.38291988,11.0
I,0.3700828,0.3332468,0.1,0.11953318,0.058085963,5.8740053
F,0.615,0.13894528,0.17,0.31212452,0.13301404,10.0
F,0.7222379,0.5634335,0.19721156,0.84598756,0.42605078,12.0
M,0.64,0.49687952,0.18681823,0.50827104,0.26049662,11.0
I,0.13061854,0.10056329,0.012993654,0.004343029,0.0016346625,3.3859107
F,0.5821319,0.45516282,0.155,0.41533762,0.216628,10.0
F,0.61,0.4083506,0.155,0.49816537,0.19693491,9.0
I,0.55,0.425,0.14,0.33299363,0.15977682,10.0
M,0.8148038,0.6491844,1.108504,1.4879619,0.7588715,14.0
M,0.1113473,0.0901534,0.0020744803,0.0025291012,0.0005035179,4.0
F,0.465,0.44,0.19203283,0.5535792,0.35597628,8.0
I,0.11210818,0.090894826,0.0012981233,0.0025980023,0.0005200412,2.2675798
M,0.625,0.49286723,0.17,0.5134451,0.26384497,12.0
F,0.5433743,0.42276314,0.145,0.33575535,0.17390783,10.0
I,0.4994532,0.385,0.125,0.25145087,0.11788168,9.0
F,0.8017188,0.6257697,0.2224899,1.3984215,0.68422514,12.0
F,0.78119284,0.596496,0.21134476,1.236539,0.59216297,12.0
I,0.18645865,0.13433096,0.041217145,0.011183438,0.0064610583,4.521349
F,0.6017952,0.475,0.16,0.46175784,0.24082078,10.0
F,0.55,0.425,0.14626798,0.33474386,0.17836997,11.0
M,0.55639756,0.43618846,0.14,0.36074567,0.18127044,9.0
I,0.58127874,0.45712793,0.155,0.39761096,0.19823162,11.0
F,0.27860793,0.21845512,0.07547951,0.029896202,0.030144004,10.0
F,0.52227163,0.4,0.135,0.29846618,0.15215774,9.0
F,0.7003588,0.5488478,0.19,0.758009,0.38944897,11.0
F,0.4774779,0.36835253,0.121189654,0.23271683,0.11722442,9.0
M,0.72342354,0.56472665,0.2,0.9165724,0.43592095,12.0
I,0.30477285,0.22855966,0.072671786,0.05890465,0.029774096,6.0
M,0.43449184,0.355,0.115,0.20297892,0.122402124,6.0
I,0.5284908,0.4064897,0.135,0.29567078,0.14101508,10.0
F,0.625,0.495,0.175,0.48302487,0.26623592,15.095546
M,0.44954193,0.3153467,0.07,0.34642148,0.22187544,11.0
M,0.645,0.51,0.18,0.58223206,0.2979892,13.0
F,0.6425683,0.515,0.19,0.5087174,0.29571816,21.768908
M,0.55090994,0.55,0.16,0.43981153,0.14344741,9.0
M,0.23716888,0.20345528,0.07,0.053963635,0.035801027,7.0
F,0.8147321,0.6490347,1.0936953,1.4877211,0.75893056,14.456885
F,0.65352315,0.48,0.16,0.4356905,0.26407185,14.0
I,0.19397126,0.15174611,0.043773886,0.027727257,0.010751827,4.0
M,0.57423913,0.45,0.15,0.3960073,0.19985443,10.0
F,0.8098047,0.6394323,0.71175534,1.4475567,0.7259223,13.303149
M,0.7347213,0.57414204,0.20330177,1.0511428,0.4672178,11.0
M,0.49858284,0.385,0.14,0.2580533,0.12874326,9.0
I,0.11023593,0.09003472,0.00013086338,0.0025136333,0.0005004809,2.0308008
M,0.63,0.49886766,0.175,0.5299324,0.2717231,12.0
I,0.525,0.40422255,0.13,0.29482234,0.1386422,9.0
F,0.6795942,0.5290578,0.185,0.69162357,0.3574285,10.0
F,0.8111777,0.56571555,0.2,0.02173521,0.08925739,26.750872
M,0.11125208,0.090127915,0.0019289993,0.0025353155,0.00050357357,3.0227885
I,0.21077639,0.1534871,0.04785756,0.019961674,0.01060117,4.0
M,0.63250875,0.5,0.175,0.53754675,0.27603602,12.0
I,0.3655182,0.43,0.15,0.019248588,0.086180046,8.0
M,0.6,0.47548276,0.17,0.4362059,0.23904419,17.0
M,0.2618082,0.18931729,0.06902926,0.037326176,0.01924686,4.822809
F,0.8141371,0.6469125,1.0544705,1.4857544,0.7565122,13.441539
I,0.34805024,0.26461256,0.08301196,0.09341909,0.041001927,6.0
I,0.37258145,0.28,0.09,0.09505872,0.046518642,7.0
F,0.565,0.51559824,0.06737273,0.7276699,0.16368234,4.0
I,0.26010203,0.19191097,0.06285471,0.036984894,0.018738706,4.4573264
F,0.73695844,0.5757858,0.2,1.0088322,0.46859086,11.0
I,0.12519006,0.09783079,0.009790379,0.0038453748,0.0012999265,2.8106725
F,0.48,0.5613423,0.12,0.73466426,0.40584815,9.0
I,0.72175765,0.27121216,0.19651683,0.58718055,0.009802502,13.178804
F,0.62,0.48513484,0.17,0.4859485,0.2604797,12.0
I,0.515,0.39642626,0.13,0.27191716,0.13010947,9.0
M,0.5053345,0.36868677,0.085,0.72727746,0.16564834,6.0
F,0.59,0.46,0.15829362,0.42651236,0.2234506,11.0
I,0.54796404,0.425,0.14,0.32696858,0.15764259,10.0
M,0.59597516,0.46944293,0.155,0.4582488,0.2266653,10.0
M,0.5977028,0.47,0.1594424,0.45422083,0.22791696,10.0
F,0.555,0.435,0.15,0.34895507,0.18566369,11.0
F,0.4366955,0.398632,0.175,0.7641582,0.29921758,2.5885875
M,0.65954906,0.12591656,0.20167544,0.094914734,0.040330704,10.0
I,0.32781866,0.2476734,0.08,0.072249435,0.03596941,6.1751018
M,0.6452881,0.51,0.175,0.5970036,0.29916483,11.0
I,0.6001332,0.475,0.165,0.4382149,0.22480063,13.0
F,0.8087918,0.6365988,0.5802224,1.4517045,0.72040594,12.393312
M,0.78904545,0.61389464,0.22368467,1.3293446,0.62366164,14.0
F,0.45486924,0.35,0.115,0.20058456,0.10127993,8.0
I,0.55119944,0.42901877,0.14,0.3364131,0.16424681,10.0
M,0.6198748,0.485,0.165,0.5027304,0.2563018,11.0
I,0.38004193,0.45631534,0.18,0.0052819876,0.1357315,2.4943056
M,0.465,0.35841438,0.12,0.20940359,0.10741677,10.0
M,0.66,0.4908956,0.165,0.674946,0.31842837,8.152486
I,0.4442597,0.3419533,0.10830111,0.1783744,0.084838785,8.0
F,0.8146344,0.6485189,1.0759662,1.4875889,0.7581584,14.243738
M,0.40051392,0.3057754,0.100131236,0.11326549,0.06906991,10.0
I,0.11523957,0.09277952,0.0037740716,0.0029005806,0.0006576235,2.2188
F,0.5696614,0.45,0.155,0.36188954,0.19881783,13.0
I,0.53362864,0.27278882,0.07513666,0.2978974,0.28455186,9.0
M,0.625,0.495,0.17,0.5223441,0.26643333,11.0
I,0.11082341,0.09022318,0.0005000212,0.0025377104,0.00050389743,2.0733395
I,0.11150485,0.09054894,0.00090101146,0.0025662605,0.00051041413,2.1834207
I,0.1715771,0.12297527,0.035862517,0.010006934,0.0050560627,3.7124453
M,0.8148806,0.6495193,1.1105584,1.4879807,0.75918657,14.0
M,0.475,0.36936238,0.1296202,0.24875689,0.12866572,9.769959
F,0.30993724,0.24683651,0.08275177,0.044155303,0.039478328,10.0
M,0.645,0.51,0.18,0.57692385,0.29718262,14.0
M,0.41937706,0.31957334,0.105,0.14926714,0.0776168,9.0
M,0.60908353,0.475,0.165,0.46934852,0.2413452,11.0
M,0.63,0.5,0.175,0.52862924,0.27348757,13.0
I,0.575,0.45,0.15,0.38063073,0.1891027,11.0
F,0.5703805,0.45,0.155,0.3779943,0.20308912,11.4966
M,0.7295734,0.57238466,0.20529526,0.9619554,0.45008472,13.0
F,0.6,0.4707651,0.16,0.44574678,0.24000433,11.0
M,0.8130006,0.6441524,1.0227216,1.4845293,0.7478831,13.0
F,0.45275974,0.34965447,0.115,0.18391141,0.09961407,9.0
I,0.29785275,0.22342736,0.07063175,0.052699015,0.027997063,6.0
F,0.505,0.355,0.10566665,0.2747912,0.098873176,7.0
F,0.645,0.5,0.16,0.49603552,0.22365883,10.0
M,0.59252906,0.465,0.155,0.44241494,0.2226464,10.0
I,0.20059538,0.14513308,0.04500049,0.014536193,0.008463216,5.0
I,0.1121482,0.090923294,0.0013353769,0.0026019674,0.00052132603,2.2411997
F,0.5,0.38379002,0.12575363,0.26273796,0.13277642,9.0
I,0.58,0.455,0.15223984,0.39598265,0.19707984,11.0
F,0.6776434,0.53248346,0.19004083,0.64625686,0.36334458,16.0
M,0.58,0.45,0.15,0.42384592,0.2053673,8.0
F,0.5924612,0.465,0.16,0.43354842,0.2265181,11.0
M,0.73746973,0.57785946,0.20735025,1.0145565,0.46923676,12.35348
F,0.38252538,0.29775548,0.1,0.103818506,0.06255479,9.0
I,0.11001683,0.090000965,6.20188e-06,0.0025018065,0.0005,2.004561
M,0.54,0.42,0.14,0.32904357,0.16918075,10.0
M,0.61989444,0.56131494,0.11,0.39390707,0.30250728,10.0
I,0.111652836,0.09065666,0.001015025,0.0025758718,0.00051314005,2.1632555
M,0.60607964,0.475,0.16,0.4846364,0.23945692,9.0
M,0.61,0.475,0.16,0.50127876,0.24467233,9.0
I,0.65245456,0.099933766,0.043408018,0.009826419,0.15864241,5.0
M,0.5391184,0.455,0.14248365,0.26689208,0.20951577,11.0
F,0.68518984,0.5350186,0.18815884,0.69687223,0.36578125,11.0
I,0.51073676,0.395,0.125,0.26751798,0.12739237,9.0
M,0.595,0.455,0.15,0.4377139,0.21332598,10.0
F,0.58,0.4827302,0.16,0.44395697,0.22207806,12.77336
F,0.59058934,0.4632609,0.155,0.43933487,0.22573975,10.0
F,0.5957213,0.47,0.16,0.43975428,0.2319385,11.0
M,0.725875,0.56747645,0.2,0.9767727,0.44607645,11.0
I,0.5671312,0.44,0.145,0.36159974,0.17730066,10.0
F,0.8107941,0.64045537,0.76008934,1.4617776,0.7316046,13.0
F,0.48271134,0.53505844,0.00097180065,1.2706515,0.24471807,14.0
M,0.5012123,0.3870421,0.13,0.26174647,0.13373281,10.0
I,0.11000095,0.09,0.0,0.0025002647,0.0005,2.0007796
M,0.5953039,0.468609,0.155,0.4607198,0.22580028,9.0
I,0.59030294,0.46520922,0.15771995,0.4164484,0.21019833,12.0
F,0.505,0.39,0.13,0.27131093,0.1389902,9.0
M,0.4800733,0.37,0.12,0.24382113,0.117557526,9.0
F,0.66904,0.525,0.18590078,0.6353398,0.33444408,12.043798
F,0.47545505,0.2695613,0.0023928164,0.7086252,0.018037004,6.0
M,0.11972956,0.09445582,0.013052251,0.0030605446,0.00073080626,3.3485203
M,0.48,0.37,0.12,0.24844548,0.13324443,11.0
M,0.6305705,0.5083867,0.18587,0.4997214,0.28043032,21.364956
F,0.5854574,0.46,0.155,0.43025485,0.22080144,10.0
I,0.19321592,0.13899846,0.04301438,0.014019961,0.0075842286,4.0
M,0.5499966,0.425,0.14,0.3427217,0.1727222,10.0
I,0.26709384,0.29,0.010945085,0.08002247,0.108711936,8.0
I,0.35160935,0.26730257,0.08488305,0.0949943,0.04152518,6.0
M,0.81135356,0.6420812,0.9583976,1.4759198,0.7366218,14.0
M,0.6038534,0.475,0.16,0.47220898,0.23807548,10.0
M,0.648911,0.51083493,0.18091416,0.58540905,0.3014957,14.0
I,0.112220846,0.09103218,0.0014634277,0.0026196947,0.00052677357,2.1219077
F,0.7385319,0.57699656,0.2,1.0217911,0.47349507,11.0
I,0.597101,0.47,0.16,0.42769396,0.21758354,12.0
M,0.45335698,0.345,0.11,0.22135784,0.09671691,6.0
I,0.48784608,0.3756341,0.12,0.22392252,0.10856908,8.0
F,0.7682587,0.5845201,0.20932123,1.0929182,0.531389,12.0
F,0.615,0.49,0.175,0.45892614,0.25811532,17.0
M,0.11028222,0.09001457,0.00034198753,0.0025106692,0.00050028693,2.1563292
I,0.5047305,0.3947769,0.12375499,0.24232982,0.108774096,8.0
F,0.6147887,0.49094996,0.175,0.49227396,0.25971842,10.0
F,0.5187189,0.4,0.13672806,0.28102204,0.14972153,11.0
M,0.580085,0.455,0.15,0.426372,0.20861161,10.0
M,0.6631002,0.5224707,0.18,0.6710796,0.3275844,11.0
I,0.16897236,0.121658064,0.03435862,0.009272457,0.004755133,4.0
F,0.4354864,0.33574903,0.11,0.16035552,0.08882023,9.0
M,0.6741765,0.09336437,0.125,0.14038114,0.23952232,13.0
I,0.43981895,0.33427584,0.105,0.16603133,0.07962454,9.0
I,0.43720508,0.36,0.13,0.20707569,0.10880442,10.283138
I,0.75298697,0.49,0.17,0.08295449,0.14981492,24.393208
I,0.14900416,0.109995574,0.023504589,0.007103445,0.0031811201,2.934862
I,0.81161565,0.435,0.165,0.55592537,0.08299844,9.0
F,0.475,0.36902457,0.125,0.22090852,0.11709772,10.0
M,0.3149842,0.23376235,0.08,0.07537849,0.033786166,5.0
M,0.7299596,0.57651544,0.21135245,0.91419834,0.4500785,16.377525
M,0.80752033,0.6350592,0.7459163,1.462001,0.715597,13.0
M,0.36745864,0.27561185,0.09,0.11417495,0.050567534,6.0
I,0.3568869,0.26915568,0.085,0.09026184,0.04250764,7.0
F,0.5664667,0.4419206,0.15,0.3664273,0.19645241,11.0
F,0.59,0.56072336,0.155,0.52781326,0.27689016,10.0
I,0.110342845,0.09005496,0.00018841431,0.0025171475,0.0005008128,2.047631
F,0.58,0.455,0.155,0.40128487,0.21873373,11.0
I,0.11467196,0.09236722,0.0031680474,0.0028141297,0.0006121074,2.2810454
F,0.625,0.49,0.17,0.5055529,0.26665655,11.0
I,0.4231895,0.38,0.125,0.28467566,0.14193572,9.0
F,0.110078275,0.09000354,8.372852e-05,0.0025045385,0.0005,2.0073655
M,0.8004277,0.6255338,0.44727692,1.4357954,0.68454504,12.0
I,0.41569984,0.3151433,0.1,0.1618922,0.07085741,6.0
F,0.6834877,0.5329026,0.18550645,0.7003401,0.36421758,11.0
I,0.35832456,0.2698394,0.085,0.09058795,0.042878203,7.0
F,0.66,0.55446017,0.18,0.5660569,0.3932806,13.0
F,0.8142254,0.64711404,1.0497893,1.4864085,0.75554,13.603885
M,0.28789648,0.21690649,0.07637394,0.039095838,0.028161928,8.0
F,0.41152018,0.197026,0.115,0.06724722,0.09165403,9.0
M,0.7259692,0.56515545,0.20202488,0.8924832,0.42976695,10.0
I,0.11000676,0.09,1.7553681e-06,0.0025007436,0.0005,2.002493
F,0.792133,0.6123708,0.21578906,1.3177897,0.63895416,12.0
I,0.11001738,0.090000786,7.3179067e-06,0.0025010598,0.0005,2.0055969
F,0.62,0.48795876,0.17,0.48139346,0.26059744,13.0
F,0.38288856,0.29,0.095,0.1254363,0.060609,7.0
F,0.8127253,0.64414835,0.94560224,1.473062,0.74737173,13.985998
F,0.7022148,0.55,0.195,0.7295837,0.38798666,13.651048
M,0.50361574,0.3388519,0.13,0.30267456,0.15547304,13.0
M,0.323422,0.37055507,0.123416625,1.4772081,0.31210095,11.0
I,0.116232835,0.09318138,0.0041807583,0.0029388617,0.00068463024,2.5133848
M,0.583652,0.4,0.17,0.26760414,0.13017412,20.097073
I,0.3050453,0.22810444,0.07281566,0.0557763,0.02937203,6.367646
I,0.114459306,0.09217542,0.0028921976,0.002748762,0.00058868836,2.6368139
M,0.4550072,0.505,0.18819858,0.62224126,0.29118195,17.0
M,0.63895655,0.5049722,0.175,0.5627085,0.28562453,12.0
M,0.23774761,0.16894796,0.06310718,0.029955667,0.0142402025,4.0
F,0.17783503,0.12786527,0.04360972,0.006167758,0.006222921,8.0
I,0.48947078,0.37624627,0.12,0.24126959,0.11188949,9.0
F,0.43065885,0.465,0.165,0.4362372,0.09602922,12.0
I,0.575,0.45,0.15,0.3779031,0.1873008,11.0
M,0.7249033,0.415,0.115,0.6632122,0.13116051,9.0
M,0.11034962,0.09001913,0.00046269246,0.002513255,0.000500413,2.1579514
I,0.58960056,0.4636886,0.155,0.41065782,0.20673215,12.0
I,0.15210438,0.11192568,0.025108894,0.007132427,0.0033455421,3.6811688
M,0.814771,0.649099,1.1121993,1.4879384,0.7591216,14.0
I,0.11118004,0.09039241,0.0007175525,0.0025543252,0.00050715834,2.1074157
M,0.8137054,0.64578557,1.058316,1.4862504,0.7524417,13.0
M,0.625,0.495,0.17,0.52156705,0.26549524,11.370533
I,0.51642853,0.4,0.13,0.2781987,0.13148375,9.0
F,0.25772095,0.19445108,0.06832233,0.022101311,0.021233674,9.0
I,0.575,0.45,0.15,0.38008282,0.18991514,11.0
M,0.64,0.50403875,0.17,0.61454916,0.28799924,8.0
I,0.26570454,0.19486657,0.063707404,0.033850666,0.019056747,6.0
F,0.625,0.49487203,0.17,0.5121542,0.26991424,11.0
F,0.54177165,0.4217477,0.145,0.34237966,0.17432901,10.0
I,0.26465324,0.1940427,0.060978327,0.016173827,0.06401991,8.0
M,0.8146602,0.64853126,1.1201012,1.4878069,0.7573247,13.0
M,0.5648646,0.405,0.15423514,0.2234375,0.12872088,10.0
M,0.36211145,0.34955752,0.125,0.31172067,0.35701296,10.0
M,0.80333525,0.6286503,0.5324465,1.4444604,0.6966877,12.0
M,0.6,0.47231972,0.16,0.4592668,0.23317026,11.0
M,0.6631473,0.523518,0.1847219,0.66007274,0.3269642,11.38408
M,0.5756526,0.46,0.165,0.3698557,0.21448135,19.566462
F,0.36158347,0.27549276,0.09,0.08956557,0.04971191,8.0
F,0.42359066,0.3243674,0.105,0.15305467,0.08110418,9.0
M,0.61,0.48,0.17,0.46227252,0.24557409,14.0
M,0.6350588,0.5,0.175,0.56510967,0.28246558,11.0
F,0.25385848,0.18547618,0.06476881,0.025208853,0.01878084,7.0
M,0.6083752,0.475,0.15605545,0.48819736,0.23869069,9.0
M,0.615,0.485,0.17,0.4794781,0.2533165,14.0
I,0.645,0.46661335,0.145,0.5217329,0.19770765,14.0
F,0.13305886,0.10062622,0.018912623,0.0038534286,0.0017010908,4.6559734
F,0.38118425,0.46,0.1,0.06513139,0.41970015,17.524786
I,0.43874946,0.33273754,0.105,0.1688687,0.079740375,8.0
M,0.62223387,0.4893453,0.17,0.5045758,0.2604164,12.0
I,0.40404466,0.29002017,0.11082009,0.10914834,0.062330928,9.0
F,0.31515506,0.26190892,0.104551956,0.076840386,0.009093439,19.779219
F,0.7096449,0.55,0.19059359,0.8308355,0.40752771,10.0
I,0.33511898,0.22556113,0.07587693,0.0635307,0.031378794,4.749111
I,0.2317079,0.16970801,0.053953126,0.024858085,0.013359817,5.0
I,0.5338057,0.45315376,0.125,0.19662695,0.1580611,10.0
M,0.65820533,0.515,0.18,0.64883906,0.31518233,10.864768
M,0.22912468,0.1711631,0.06392886,0.014308714,0.014300272,9.0
M,0.8130799,0.44984677,0.12443383,1.3213897,0.2010918,9.0
I,0.11893925,0.09456676,0.005840326,0.003123112,0.0008215782,3.1097498
F,0.6632673,0.52387035,0.18,0.6450093,0.32774442,11.0
F,0.75617534,0.58171946,0.20561771,1.0657879,0.49040675,11.0
F,0.35852948,0.27883795,0.0926219,0.07728838,0.053295445,10.0
I,0.3307818,0.253386,0.08,0.08039022,0.03767565,5.0
I,0.110034406,0.090002075,1.8994597e-05,0.0025020067,0.0005,2.0080886
F,0.61,0.4765781,0.16399308,0.47899058,0.24769294,10.0
F,0.6,0.395,0.08,0.39999887,0.1833295,11.0
I,0.42911667,0.325,0.11,0.1549278,0.07443475,8.0
I,0.11014696,0.09001709,7.427955e-05,0.0025097516,0.00050020864,2.024485
M,0.615,0.43811238,0.13110107,0.37670776,0.1267084,7.0
I,0.13301176,0.101833396,0.014330836,0.004507932,0.001776263,4.0
F,0.6,0.47,0.16149712,0.44720295,0.23742379,11.0
F,0.6895153,0.5321289,0.18,0.8052354,0.36950067,9.0
F,0.2824761,0.64967185,0.0016999126,0.48715058,0.19517234,8.0
M,0.58,0.45710385,0.155,0.40374234,0.21105489,12.0
I,0.43685457,0.33184198,0.105,0.16745143,0.07986856,8.0
M,0.81306773,0.64443547,1.0247802,1.4846152,0.7473776,13.0
I,0.110011816,0.09000057,3.9951256e-06,0.0025013073,0.0005,2.0035539
M,0.66257924,0.28,0.11,0.107150555,0.09181463,11.0
I,0.12141157,0.09589568,0.0074206516,0.0033986573,0.0010176275,2.8900244
M,0.6,0.47433054,0.16,0.47058472,0.23534915,10.0
I,0.1101221,0.09000706,8.897514e-05,0.0025046433,0.0005001029,2.0278335
M,0.5276697,0.405,0.135,0.3089426,0.15423127,10.0
M,0.13195059,0.101942696,0.02497006,0.0036372445,0.0015785081,5.0
F,0.5079787,0.36,0.135,0.23321734,0.13781078,14.0
M,0.50379413,0.11472153,0.13,0.54718107,0.19029425,12.0
M,0.12662059,0.09799588,0.020338524,0.0039030525,0.001178471,2.6668963
F,0.7224616,0.56299657,0.195,0.87602484,0.43499604,11.0
I,0.110026166,0.09000194,1.1027729e-05,0.0025029709,0.0005,2.0057237
I,0.5257873,0.5119468,0.165,0.6727335,0.16450502,12.0
F,0.57,0.47,0.145,0.51310396,0.28736562,9.0
F,0.48631772,0.09821506,0.155,0.0368425,0.21593721,9.0
I,0.50228703,0.39944047,0.135,0.31291863,0.12644997,8.0
F,0.19795223,0.14090234,0.04809091,0.009784224,0.008764013,7.0
F,0.61,0.48,0.16979831,0.46276525,0.24883698,12.606648
F,0.46902204,0.3553349,0.11501696,0.20862937,0.11386289,10.0
F,0.625,0.5,0.175,0.49777406,0.24767801,11.0
I,0.11899879,0.09459568,0.005881553,0.0031521402,0.00083426724,2.8671017
M,0.42201853,0.3235071,0.105,0.14560358,0.08034231,10.0
M,0.7350007,0.5757917,0.20724313,1.012417,0.46664217,12.0
F,0.6548285,0.46,0.15,0.2968659,0.2550367,11.0
F,0.80861896,0.6366918,0.57973176,1.4462668,0.7191092,13.0
F,0.408976,0.31462288,0.105,0.12547083,0.07424358,10.0
I,0.5,0.385,0.125,0.25448883,0.119607985,9.0
F,0.813606,0.6460781,1.0111094,1.4805864,0.7511421,14.0
M,0.5716505,0.425,0.0788427,0.022818912,0.059486274,7.0
F,0.5459914,0.425,0.145,0.3302216,0.17567326,11.0
I,0.47788757,0.37,0.115,0.21573527,0.10364011,9.0
I,0.5200228,0.37,0.12,0.33501622,0.1488379,10.0
M,0.69698644,0.55,0.19644225,0.73265606,0.3806609,15.0
M,0.5049078,0.21138723,0.15,0.3562247,0.259002,8.0
I,0.11044099,0.090078935,0.00024610295,0.0025208467,0.0005012348,2.0573826
M,0.555,0.4,0.14,0.1920151,0.21852815,9.0
M,0.2491558,0.17647526,0.06582462,0.037999984,0.016216548,3.2738311
M,0.465,0.23518552,0.125,0.07833678,0.47949675,15.0
F,0.7094065,0.5589233,0.2,0.7267398,0.39640746,15.139767
I,0.6874263,0.19694702,0.185,0.5087909,0.19467893,8.0
M,0.2732716,0.2042892,0.0704313,0.027072191,0.023898007,9.0
M,0.62777054,0.495,0.17,0.52891684,0.26926997,11.0
M,0.6116135,0.47709924,0.17,0.41332918,0.22938874,15.379559
I,0.11425378,0.092094205,0.0028059436,0.0027464565,0.00058503763,2.4623704
F,0.565,0.45,0.145,0.3784563,0.1950914,9.0
I,0.110018566,0.09000114,7.1009144e-06,0.0025020237,0.0005,2.0047667
I,0.12673,0.3,0.17,0.038368937,0.38222945,11.0
M,0.525,0.45,0.105,0.33586484,0.14301524,12.0
I,0.3565362,0.2669077,0.085,0.12158318,0.056176655,5.260362
I,0.48956954,0.3768454,0.12,0.23939066,0.11162256,9.0
I,0.555,0.24279371,0.1,0.2539549,0.03089027,9.0
F,0.73582584,0.5749412,0.2,0.98686826,0.46613836,11.0
F,0.525,0.4174315,0.145,0.32672545,0.15189712,9.0
F,0.61,0.475,0.165,0.516319,0.26296127,9.0
F,0.6323489,0.5,0.175,0.53076065,0.27885225,11.0
I,0.4718411,0.37,0.114183314,0.22385474,0.10838825,9.0
I,0.58,0.45613652,0.155,0.394667,0.19728053,11.0
M,0.81399095,0.64649564,1.062245,1.4866207,0.7534011,13.0
I,0.625,0.47,0.165,0.44287762,0.19409369,13.0
F,0.8055272,0.6357163,0.54170173,1.3708298,0.69899344,15.0
M,0.5,0.38,0.125,0.2735424,0.12850796,8.0
F,0.393132,0.29560226,0.1,0.05511608,0.38811576,9.0
F,0.49512947,0.34613433,0.135,0.30230683,0.14358637,8.0
I,0.40768814,0.45,0.22462454,0.4674825,0.002398096,26.999113
I,0.5425026,0.17436476,0.085971236,0.2708112,0.14296028,13.627552
I,0.4458116,0.36,5.026282e-07,0.40924484,0.3208131,10.0
F,0.7160428,0.62533057,0.12733816,0.5239518,0.14124408,8.0
M,0.81448174,0.56035703,0.11,0.08578995,0.044010576,17.756866
M,0.7077253,0.525274,0.2146945,0.26258665,0.110626884,14.984853
F,0.20631467,0.6495137,0.18751046,0.11041992,0.2990823,11.0
I,0.63516176,0.5574149,0.21243222,0.15029116,0.16574371,11.0
F,0.11509582,0.6497766,0.055540968,0.899663,0.68273526,9.0
F,0.33656162,0.5,6.120792e-06,0.9584526,0.75939584,6.0
I,0.7239091,0.31256664,0.11,0.1978974,0.045608684,9.0
F,0.4687733,0.09,0.08,0.006051438,0.0026544405,2.4037375
F,0.7611219,0.09,0.13921188,1.4617565,0.6662341,2.0000722
F,0.5,0.55195826,0.11,0.104626685,0.18003204,9.0
