 timedelta, n_tokens_title, n_tokens_content, n_unique_tokens, n_non_stop_words, n_non_stop_unique_tokens, num_hrefs, num_self_hrefs, num_imgs, num_videos, average_token_length, num_keywords, kw_min_min, kw_max_min, kw_avg_min, kw_min_max, kw_max_max, kw_avg_max, kw_min_avg, kw_max_avg, kw_avg_avg, self_reference_min_shares, self_reference_max_shares, self_reference_avg_sharess, LDA_00, LDA_01, LDA_02, LDA_03, LDA_04, global_subjectivity, global_sentiment_polarity, global_rate_positive_words, global_rate_negative_words, rate_positive_words, rate_negative_words, avg_positive_polarity, min_positive_polarity, max_positive_polarity, avg_negative_polarity, min_negative_polarity, max_negative_polarity, title_subjectivity, title_sentiment_polarity, abs_title_subjectivity, abs_title_sentiment_polarity, shares,data_channel,weekday
731.0,2.0,8474.0,701.0,0.0,650.0,304.0,116.0,128.0,0.0,7.974684,2.7195103,-1.0,298400.0,42827.855,0.0,0.0,0.0,-1.0,298400.0,2559.8674,0.0,843300.0,2400.0,0.91061413,0.925947,6.934201e-05,0.0,0.0,1.0,-0.39375,0.1554878,0.1849315,1.0,1.0,1.0,1.0,1.0,-1.0,0.0,-1.0,1.0,1.0,0.0,0.0,843300.0,2,0
731.0,2.0,325.0,701.0,1.0,650.0,304.0,115.6543,128.0,0.0,7.974684,4.0,-1.0,743.62585,42827.855,9020.507,0.0,0.0,-1.0,298400.0,0.0,843300.0,0.0,1300.0,0.9197066,0.9253632,0.0,0.0,0.020005519,0.98940194,-0.39375,0.010739221,0.040063247,0.89664054,0.99951035,1.0,1.0,1.0,-1.0,-0.8,-1.0,1.0,1.0,0.5,0.0,828772.8,2,2
10.0,8.0,0.0,0.5976795,1.0,0.0,0.0,4.452941,127.97795,0.0,0.0,10.0,4.0,0.0,182.64891,0.0,843300.0,0.0,0.0,9152.84,0.0,330.6882,511.87988,1014.3518,0.023182385,0.04000724,0.0031663752,0.06666715,0.9266451,0.85132253,0.3921276,0.029725255,0.0,0.68896806,0.0,0.9015212,0.0,0.0,-0.33319825,0.0,-1.0,1.0,1.0,0.0,1.0,1700.0,0,3
572.9092,13.0,8389.013,0.541674,1.0,0.0,3.0,1.0,0.0,0.0,5.4917994,9.0,296.52167,1000.0,369.53885,33036.438,0.0,18164.79,0.0,4769.3325,2230.952,2540.0957,1200.0,0.0,0.040000293,0.028572539,0.12035047,0.022224056,0.88548535,0.66628486,0.10209269,0.019960044,0.012192871,0.37643725,0.29347998,0.36666667,0.05,0.0,0.0,-1.0,-0.1,0.0,-0.15555556,0.5,0.0,1100.0,5,6
126.0,12.0,151.0,0.70062006,1.0,0.90551347,5.0,3.0,0.0,1.0,4.7226605,10.0,-1.0,2200.0,214.1183,44800.0,843300.0,373446.78,2428.3474,5418.0728,4788.6123,2300.0,5200.0,8270.651,0.020001588,0.40069342,0.020000236,0.7359784,0.020006934,0.5130527,0.1284934,0.04710874,0.031475373,0.5833333,0.5,0.35748148,0.16666667,0.8,-0.275,-0.16666667,-0.0125,0.0,0.13636364,0.43333334,0.054453243,3300.0,1,3
321.86804,12.0,222.60355,0.6013404,1.0,0.83877546,10.0,5.0,34.032825,0.0,4.43657,5.0,-1.0,896.12756,216.25024,6000.0,843300.0,222863.3,2429.3337,3824.1921,3700.7332,10100.0,6399.7983,10485.17,0.37822995,0.1649055,0.050262365,0.04000022,0.028693845,0.5216613,0.10470337,0.05608335,0.056659915,0.6666667,0.5961273,0.29663292,0.13636364,1.0,-0.5702791,-0.15555556,-0.16666667,0.0,-0.34348512,0.5,0.13636364,2700.0,0,3
547.05066,11.0,1032.8867,0.41467252,0.0,0.0,48.249405,0.0,1.0,0.0,4.6377897,7.0,369.90625,1100.0,309.99042,0.0,32259.535,123621.39,2423.1382,7427.574,4433.6855,918.87616,2000.0,3831.2358,0.8656607,0.028908161,0.04008547,0.35377464,0.56982785,0.42311212,0.09212553,0.056905974,0.012269281,0.5,0.25,0.27528954,0.0,1.0,-0.10694185,-1.0,-0.1,0.0,0.0,0.25,0.0,1600.0,0,3
66.18897,10.0,449.16116,0.57348526,1.0,0.8030178,3.0,4.0,1.0,0.0,5.373246,10.0,-1.0,66.00622,252.21794,0.0,843300.0,228740.39,1781.8256,7403.5703,2772.365,851.72626,3100.0,0.0,0.15150078,0.025023108,0.04000029,0.066666916,0.050000023,0.0,0.17683402,0.03087687,0.0,1.0,0.25,0.998962,0.13636364,1.0,-0.24979366,-1.0,-0.05,0.0,0.285719,0.5,0.0,2000.0,0,5
586.8131,9.0,584.05743,0.4955956,1.0,0.56261075,4.0,0.0,1.0,0.0,4.623651,4.0,4.0,933.90967,504.61603,2500.0,690400.0,166991.05,1137.9397,2130.1902,2150.3257,2000.0,2700.0,992.8463,0.83954537,0.028616447,0.03333369,0.040000033,0.032454733,0.450445,0.13829607,0.03125,0.0,0.875,0.11111111,0.31771252,0.1,1.0,-0.316585,-1.0,-0.16666667,0.0,0.0,0.5,0.0,1000.0,4,3
154.25768,13.0,181.02405,0.4516544,1.0,0.6167085,18.0,6.0,0.0,0.0,4.5684714,10.0,217.0,1200.0,101.38682,210122.36,843300.0,316020.1,2395.2979,7109.585,2203.8438,1400.0,6084.338,1004.9354,0.020004256,0.040003654,0.9199988,0.020001937,0.04000025,0.3955829,0.1285951,0.03713278,0.011902138,0.76588964,0.0,0.5671628,0.1,0.0,-0.1693664,-0.1,-0.05,0.0,0.35,0.5,0.0,880.0893,4,1
146.08507,10.0,851.2402,0.5047507,1.0,0.6486543,24.0,10.0,5.0,5.0,4.345366,10.0,-1.0,715.3789,138.17845,28353.701,843300.0,271638.75,2062.3008,7037.822,3853.71,802.77924,50746.18,11553.962,0.020088723,0.06666978,0.6393878,0.17138718,0.020013226,0.38886204,0.0018392105,0.01957117,0.020257572,0.5,0.5,0.33758888,0.0625,1.0,-0.35415566,-1.0,-0.05,0.0,0.0,0.5,0.0,11459.774,5,0
304.68677,13.0,580.0837,0.52521545,1.0,0.63525033,39.981297,0.0,1.0,0.0,5.5592403,4.0493984,-1.0,1600.0,480.5491,2900.0,843300.0,374515.78,1983.7131,4095.1953,3247.0083,0.0,0.0,0.0,0.8399998,0.040017195,0.040000767,0.040001515,0.04000083,0.44705048,0.24408117,0.15424562,0.015540184,0.9230769,0.084328964,0.3045887,0.033333335,0.8,-0.18665479,-0.4,-0.071428575,0.5,0.5,0.045454547,0.5,1800.0,2,3
59.0,12.0,262.0,0.7753435,1.0,0.8860648,0.0,1.0,0.0,90.6543,4.216146,10.0,-1.0,596.0,188.95714,0.0,843300.0,342776.78,0.0,5663.4434,3310.776,21346.19,38946.17,27285.865,0.020000117,0.020000724,0.00045403515,0.9245235,0.019950714,0.797694,-0.39228493,0.052931935,0.18205895,0.0,0.7986427,0.6124446,0.13636364,1.0,-1.0,-1.0,-0.05,1.0,-1.0,0.5,1.0,1100.0,0,2
122.685776,6.0,1422.672,0.43533614,1.0,0.5750993,10.0,2.0,0.0,0.0,4.633507,5.0,-1.0,200.81665,64.783676,10302.073,843300.0,271290.84,1959.6232,2714.0222,4885.846,1500.0,6000.0,3150.0,0.033464253,0.040014204,0.86550534,0.033334713,0.812864,0.42672446,0.0860862,0.040809013,0.02357564,0.68467057,0.4,0.0,0.0,1.0,-0.3095501,-1.0,-0.071428575,0.29222813,0.3,0.5,0.0,1300.0,4,3
62.0,13.0,227.04863,0.6520719,1.0,0.6401532,81.13663,1.0,1.0,0.0,4.9201217,7.0,-1.0,468.0,105.38728,51097.28,843300.0,688384.0,3172.7002,8308.05,6010.2017,8246.406,7500.0,8917.557,0.028730044,0.033339337,0.028614605,0.866651,0.028619165,0.5478396,-0.39375,0.0,0.15065126,0.0,0.99826366,0.5780485,0.948777,1.0,-0.49508882,-0.5,-0.125,0.33333334,-0.5,0.2,0.5,1900.0,0,3
43.8717,10.0,1790.8253,0.35419175,1.0,0.53607255,3.0,1.0,0.0,89.3368,4.462218,10.0,-1.0,1400.0,366.29483,1100.0,843300.0,209618.1,1057.7764,4239.0415,2457.0466,878.73663,967.3702,973.9587,0.020281695,0.0029567948,0.83997875,0.00023624125,0.020000046,0.43358973,0.103570186,0.058643643,0.03953235,0.6111111,0.39312097,0.37613526,0.1,1.0,-0.21995544,-0.4,-0.05,0.0,0.0,0.5,0.0,1100.0,5,0
223.78995,6.0,231.0,0.66112506,1.0,0.81327945,4.0,7.383574,0.0,0.0,4.6412354,1.0,-1.0,0.0,-1.0,843300.0,843300.0,467653.7,3579.694,3396.7402,4154.817,1300.0,9578.043,5072.65,0.033334017,0.5640729,0.5639221,0.26273936,0.45490995,0.49246222,0.091965705,0.08039977,0.035260346,0.5714286,0.29541206,0.27674216,0.0,0.6,-0.42518052,-0.8,-0.13333334,0.0,0.0,0.5,0.0,1900.0,3,3
505.9439,12.0,122.012146,0.7284505,1.0,0.84802234,2.0,1.0,1.0,0.0,4.464725,5.0,4.0,0.0,13.204721,50842.16,843300.0,243378.81,2395.578,2908.1177,2740.8438,1600.0,1500.0,1458.5371,0.040005457,0.040002678,0.040086705,0.040000096,0.7999937,0.45843196,0.13435997,0.09317262,0.0042868787,1.0,0.0,0.2469024,0.1,0.5,-1.0,-0.5,-1.0,0.45454547,-0.4,0.08100763,0.4,1800.0,4,0
29.0,15.0,291.98862,0.6344743,1.0,0.7880054,2.0,1.0,2.0,0.0,4.7409673,8.0,-1.0,610.1745,176.26239,0.0,843300.0,212892.8,0.0,4202.739,2321.6326,916.4241,883.64166,937.7664,0.1700918,0.86636096,0.022244636,0.02500457,0.02263099,0.35779682,-0.3936573,0.01029097,0.13590728,0.0,0.9806403,0.0,0.0,0.375,-0.31131378,-0.6,-0.071428575,0.0,0.0,0.5,0.0,1100.0,1,2
9.4052,15.0,662.8788,0.40588766,1.0,0.5827156,6.0,6.0,1.0,0.0,4.206439,5.0,-1.0,4588.731,936.39026,4100.0,843300.0,504756.12,1971.3179,4088.8826,3167.7283,931.20636,3494.5962,1898.1587,0.05000004,0.041558422,0.30622938,0.040119883,0.43932483,0.31601313,-0.2688384,0.0,0.057868514,0.0,0.98012304,0.40697795,0.25,1.0,-0.21091747,-0.3883407,-0.071428575,0.0,0.0,0.5,0.0,1900.0,4,0
477.84464,2.3747,192.0,0.6203454,1.0,0.7801558,1.0,1.0,9.0,0.0,4.3310227,8.0,4.0,628.038,196.43065,5874.098,843300.0,223728.89,1561.353,3593.709,2692.9631,707.92017,0.0,0.0,0.02500341,0.02500157,0.8857118,0.02500093,0.02500024,0.456043,0.029161453,0.036644984,0.008825078,0.81428,0.19327842,0.22341701,0.1,0.5,-0.79198825,-0.6,-1.0,0.55,0.5,0.1,0.5,356.37225,5,3
480.61832,2.0028706,3609.227,0.0,1.0,0.0,64.35393,94.2367,51.0,0.0,4.3570356,10.0,4.0,340.70963,134.46887,0.0,843300.0,28871.752,0.0,3255.0896,1865.4332,0.0,757340.5,53839.703,0.0050094663,0.020000113,4.746735e-05,0.00047979856,0.033334654,0.524191,0.21962409,0.048797164,0.009764475,0.8333333,0.16666667,0.3818402,0.1,1.0,-0.23134147,-0.8,-0.05,0.0,1.0,0.5,1.0,877.878,4,3
519.7017,6.0,589.12305,0.482522,1.0,0.6341832,4.0,1.0,7.0,1.0,4.4576607,4.0,4.0,339.7794,133.00993,0.0,843300.0,181521.19,0.0,2878.4795,1626.6838,991.65106,840.2795,943.50555,0.033414245,0.034598023,0.80697846,0.040004153,0.31405047,0.36420655,0.04324657,0.03827926,0.033701427,0.5,0.45454547,0.33019793,0.0625,0.5,-0.30205256,-1.0,-0.1,0.45454547,1.0,0.0,1.0,1600.0,5,5
731.0,13.0,108.10282,0.84544474,1.0,0.92981535,2.0,1.0,0.0,0.0,4.738925,8.0,217.0,49.0,250.56163,0.0,0.0,0.0,0.0,0.0,0.0,0.0,0.0,0.0,0.028571835,0.028573133,0.60076267,0.025236253,0.24318741,0.24969445,-0.39375,0.0,0.16718128,0.0,0.99966896,0.0,0.5,0.0,-0.2821999,-0.3125,-0.26395178,0.3,-0.30804706,0.16666667,0.20038354,833.5859,5,4
731.0,6.0,0.0,0.60864514,1.0,0.63941735,1.0,1.0,2.0,0.0,4.670804,6.0,4.0,0.0,254.53212,0.0,0.0,0.0,0.0,0.0,0.0,843300.0,842149.5,708504.3,0.5125674,0.2466119,0.03333852,0.033338286,0.59934497,0.998039,-0.39351603,0.004719729,0.16459851,0.0,0.9877155,0.7785148,0.9657163,0.5,-0.7,-0.6,-0.7254707,0.6,-1.0,0.125,0.7,21146.678,4,1
140.0,8.0,620.86163,0.40387273,1.0,0.49023762,13.0,7.0,12.0,0.0,0.0,10.0,-1.0,743.3138,229.10597,6776.9233,843300.0,182815.97,1913.2777,3635.1677,2980.2158,4617.9746,6500.0,5152.787,0.02000009,0.020000076,4.760778e-05,0.00037776472,0.91108435,0.57243496,0.42604327,0.10403111,0.023478286,0.80544716,0.2,0.5213343,0.1,1.0,-0.21485952,-0.5,-0.05,0.0,1.0,0.14285715,1.0,2000.0,4,4
247.0,9.0,8264.722,0.0,1.0,0.50349224,63.43094,25.826572,16.0,1.0,4.7200084,10.0,-1.0,2200.0,612.93823,0.0,843300.0,154076.47,0.0,6691.7334,3539.9348,1000.0,6727.9307,2763.2363,0.020000683,0.87524337,0.020000182,0.02000021,0.5113405,0.52570117,-0.2617401,0.038997665,0.05596697,0.44444445,0.64331865,0.36046606,0.033333335,1.0,-0.7224894,-1.0,-0.1,0.080289274,0.0,0.24341904,0.0,3600.0,0,3
8.0,8.0,841.46606,0.3388318,1.0,0.0,105.92748,1.0,47.19933,0.0,4.2275295,10.0,-1.0,11320.953,1777.121,100300.0,843300.0,264767.88,3612.123,286001.28,43418.508,1934.769,1200.0,1500.0,0.020000493,0.020000571,0.007247132,0.9194686,0.20304307,0.99670815,0.64932007,0.07357054,0.009756285,0.875,0.11111111,0.68522334,0.25,1.0,-0.28136334,-0.7,-0.071428575,0.0,0.0,0.5,0.0,2000.0,0,1
128.35191,9.0,74.30166,493.82477,1.0,0.967866,4.0,4.0,1.0,1.0,4.437624,5.0,-1.0,97.0,55.358006,0.0,843300.0,229903.3,0.0,3413.8862,1892.0748,816.5079,1300.0,1161.3121,0.037450247,0.040000163,0.7782361,0.034678627,0.04130353,0.4277832,-0.36297202,0.017987728,0.030946821,0.34995282,0.6549309,0.0,0.05,0.0,-0.7980169,-0.8,-1.0,0.6875,0.5367667,0.16666667,0.5,1900.0,5,4
414.0,6.0,138.02275,0.8397483,1.0,0.90375936,2.0,5.0,0.0,80.280914,4.262336,8.0,217.0,714.9096,186.09865,33163.707,843300.0,843300.0,2983.7861,4703.437,6572.147,1200.0,773972.75,152122.86,0.025514696,0.033338767,0.0250406,0.91107494,0.022228148,0.51361984,0.18231107,0.020421123,0.013924925,0.53846157,0.33333334,0.92214584,0.5,1.0,-0.26247114,-0.7,-0.4,1.0,-1.0,0.5,1.0,537.9681,0,1
328.77386,9.0,95.81255,0.90334004,1.0,0.93287855,4.0,3.0,1.0,0.0,4.455913,7.0,-1.0,527.0,196.46716,0.0,843300.0,185371.56,0.0,3492.9116,2200.9373,1200.0,1300.0,1400.0,0.028573053,0.80359066,0.025245367,0.028572954,0.30871364,0.9962205,0.6468117,0.13944815,0.007805158,1.0,0.0,0.94762075,0.98774856,0.8,-1.0,-0.5,-1.0,0.5344243,-0.9805134,0.12502953,0.67892456,1000.0,4,4
486.97647,9.0,119.34782,19.537823,1.0,0.93447644,2.0,1.0,0.0,22.017426,4.681406,6.0,4.0,459.07028,121.69909,0.0,843300.0,587288.8,0.0,6453.924,4045.1355,95929.02,70801.484,69518.56,0.028668953,0.03334593,0.028572053,0.88552916,0.028576463,0.52652943,-0.39375,0.0,0.18485211,0.0,0.9996569,0.0,0.1,0.0,-0.39508614,-0.5,-0.05,0.0,0.0,0.5,0.0,1800.0,0,4
69.0,10.0,3570.7422,0.18717882,1.0,0.5352993,15.0,1.0,1.0,0.0,5.1600404,10.0,-1.0,633.13916,208.44556,1346.0004,843300.0,188685.89,220.89084,2904.349,1830.1804,895.197,662.081,780.54614,0.020000273,0.004411605,0.91999894,0.0012423159,0.020000078,0.39918566,-0.057440057,0.02658077,0.022188224,0.5555556,0.5,0.3101651,0.033333335,0.8,-0.6,-1.0,-0.1,0.4,-0.4,0.14285715,0.5,1300.0,5,3
8.137446,9.0,256.12473,0.64440733,1.0,0.7445718,3.0,1.0,11.0,0.0,4.748639,1.0,-1.0,0.0,-1.0,843300.0,843300.0,843300.0,3576.7034,0.0,2914.6243,1100.0,1300.0,1600.0,0.26994613,0.40186504,0.1716526,0.3343169,0.43636072,0.0,-0.10726799,0.0,0.02101545,0.16120233,0.6666667,0.0,0.05,0.5,-0.19331765,-0.3,-0.1,0.0,0.0,0.5,0.0,1200.0,2,0
731.0,13.0,8274.267,0.0,1.0,0.0,224.06656,2.0,46.535774,0.0,4.8019876,6.0,4.0,69.13215,397.89743,0.0,0.0,0.0,0.0,0.0,0.0,0.0,0.0,0.0,0.8381168,0.3350891,0.049750328,0.033425108,0.033475555,0.47324023,0.18249246,0.059677903,0.016769165,0.78125,0.20556861,0.37578258,0.0,1.0,-0.20160381,-0.8,-0.05,0.065805264,0.0,0.3,0.0,1600.0,2,2
477.4929,7.0,68.646126,647.70044,1.0,248.19627,0.0,1.0,0.0,0.0,4.426736,6.0,4.0,0.0,-1.0,0.0,843300.0,251747.78,0.0,3326.165,1748.7878,843300.0,841396.5,673596.8,0.03333341,0.033344444,0.74286324,0.3763084,0.033333424,0.50934047,-0.0791913,0.13376462,0.17123954,0.5,0.5,0.31564036,0.1,0.5,-0.4538994,-0.7,-0.15,0.0,1.0,0.5,1.0,494.71912,5,1
249.56664,8.0,249.67346,0.61703664,1.0,0.7697726,9.0,10.0,0.0,0.0,4.7114134,4.0,-1.0,347.353,141.55101,0.0,843300.0,134100.3,0.0,5007.9146,3191.0374,1200.0,3300.0,2170.3186,0.05000029,0.066666715,0.3376681,0.030077845,0.040000785,0.37009576,0.14606264,0.035513543,0.0,0.9159209,0.0,0.1271847,0.0,0.5,-0.24074934,-0.2,-0.30499485,0.0,0.0,0.2,0.0,2800.0,3,0
8.005834,8.0,119.769325,0.7994646,1.0,0.9065547,0.0,1.0,1.0,1.0,4.6953506,6.0,-1.0,340.151,52.873325,0.0,843300.0,233108.48,0.0,3361.2944,1894.9594,909.6337,754.5349,862.83136,0.6991832,0.033880558,0.55071265,0.033422083,0.04000081,0.0,-0.39362374,0.0,0.045666594,0.0,0.99973196,0.64621633,1.0,0.0,-0.2171317,-0.3553563,-0.16666667,0.25,-0.4,0.2,0.25,216.4104,5,1
485.75046,7.0,1438.5947,0.3474173,1.0,0.0,281.17273,95.88091,119.940796,0.0,5.51121,9.0,4.0,21453.027,2595.7634,10200.0,843300.0,191132.77,2467.822,220081.45,28894.645,455.36386,680556.3,36225.242,0.022222413,0.5138832,0.020066196,0.6972347,0.020806426,0.5649277,0.06726522,0.022524092,0.021807143,0.5221457,0.46666667,0.5,0.1,1.0,-0.42092404,-1.0,-0.125,0.0,1.0,0.3,1.0,1600.0,0,3
500.59402,6.0,2524.2378,0.0,1.0,0.0,23.706573,16.153582,20.0,0.0,4.5695243,6.0,4.0,286920.5,42762.293,0.0,843300.0,173113.61,0.0,284151.88,10816.402,560.84015,42470.71,9790.245,0.8665329,0.034614563,0.2223056,0.033334024,0.033339817,0.38537192,0.014111804,0.021264639,0.01932193,0.510958,0.5,0.3072197,0.033333335,0.7,-0.222284,-0.8,-0.05,0.0,0.0,0.5,0.0,655.7848,2,3
304.15228,9.0,148.0,0.7065843,1.0,0.84450734,5.0,2.0,1.0,0.0,4.959095,8.0,-1.0,284293.66,41947.684,4606.0244,843300.0,265354.5,2187.4133,220635.06,14010.68,0.0,0.0,0.0,0.91082305,0.02500122,0.02500095,0.025001446,0.02500017,0.433467,0.24596578,0.1538142,0.006927369,1.0,0.0,0.33924106,0.0,1.0,-0.7875538,-0.6,-1.0,0.22796789,0.25,0.4,0.25,1600.0,2,3
208.22708,9.0,316.58853,0.62593997,1.0,0.7795418,13.0,7.0,8.0,0.0,4.779053,6.0,-1.0,285098.44,42788.004,8198.052,843300.0,225528.6,2739.0273,294473.84,40913.56,816.47516,39200.426,13900.0,0.7908952,0.29897118,0.040003616,0.040006615,0.040000014,0.44135812,-0.38478526,0.0071324906,0.052515645,0.0,0.9200902,0.23175381,0.05,0.5,-0.4,-1.0,-0.125,0.5,-0.5,0.25,0.5,974.53687,2,3
486.7007,13.0,94.61395,578.9832,1.0,290.95215,3.0,2.0,0.0,0.0,4.4522977,9.0,4.0,589.2545,160.791,4000.0,843300.0,226813.94,1140.9922,3481.705,2390.851,881.91986,870.5184,917.6079,0.022483017,0.022239214,0.8999969,0.022223063,0.022222813,0.37071893,0.0454919,0.031673905,0.0,1.0,0.0,0.21374536,0.2,0.0,-1.0,-0.5,-1.0,0.5,0.26691657,0.045454547,0.25,296.2656,5,0
731.0,9.0,91.51946,0.8771144,1.0,0.93847054,2.0,1.0,0.0,0.0,4.5289245,7.0,217.0,263366.38,42706.973,0.0,0.0,0.0,0.0,294805.44,22560.21,842509.1,369491.8,321599.78,0.033333503,0.3188579,0.040237863,0.42825514,0.15709972,0.48658645,-0.05040016,0.057937726,0.047129463,0.54545456,0.47016427,0.28436497,0.1,0.5,-0.4249447,-0.8,-0.16666667,0.0,0.0,0.5,0.0,7900.0,0,3
168.0,12.0,83.83774,0.80427223,1.0,0.8852836,4.0,3.0,1.0,5.0,4.6521893,9.0,-1.0,106852.63,21942.809,20300.0,843300.0,305715.28,3503.4058,83138.875,41395.45,19213.412,49757.05,40318.87,0.022222538,0.8855919,0.020103231,0.31657705,0.020402744,0.8241009,0.6499201,0.15487632,0.00867303,1.0,0.008710204,0.546251,0.1,1.0,-0.24612321,-0.3,-0.37533155,1.0,1.0,0.5,1.0,1200.0,1,3
104.17438,16.0,1922.8671,0.0,1.0,0.0,0.0,1.0,15.0,0.0,0.0,3.0,-1.0,651.61523,213.09947,2100.0,843300.0,390890.44,1037.8794,3252.8718,2143.7021,1100.0,1100.0,1100.0,0.61606157,0.19993417,0.066666715,0.25933266,0.13394037,0.38186437,0.18749224,0.042899754,0.0055189366,0.875,0.11111111,0.33962643,0.1,1.0,-0.12768215,-0.3,-0.05,0.081716046,0.0,0.4,0.0,1700.0,2,1
102.35625,14.0,182.1034,0.6161499,1.0,0.8039845,3.0,2.0,0.0,1.0,4.4057856,10.0,-1.0,283504.62,42483.184,0.0,843300.0,216776.31,0.0,287641.4,14099.775,843300.0,827712.94,654152.5,0.020002393,0.020000312,0.028622277,0.020000102,0.8852756,0.39246377,0.0984693,0.013521337,0.0,0.9166667,0.06611775,0.2505882,0.1,0.5,-0.24376915,-0.2,-0.45151922,0.0,0.0,0.5,0.0,1500.0,4,3
531.33167,12.0,8448.964,0.0,1.0,0.0,291.76517,115.88438,107.854416,0.0,4.823311,8.0,4.0,1400.0,418.65454,2600.0,843300.0,116454.586,1560.6416,3574.593,2944.0527,0.0,810598.1,39847.6,0.022461113,0.025001414,0.16552696,0.025001794,0.75480604,0.4816757,0.15617004,0.041096315,0.010245758,0.8095238,0.18954597,0.34787568,0.033333335,1.0,-0.21926108,-0.8,-0.05,0.0,0.0,0.5,0.0,2200.0,4,5
274.7383,2.4135003,19.584463,680.14355,1.0,629.6278,0.0,2.0,0.0,0.0,4.411366,8.0,-1.0,0.0,-1.0,0.0,843300.0,349329.28,0.0,3929.6833,2832.758,1600.0,1600.0,1634.6626,0.6395775,0.028572904,0.028714562,0.028572835,0.42952743,0.6111891,0.6290801,0.1554581,0.013608175,1.0,0.0,0.5188266,0.5,0.7,-0.16556239,0.0,-0.5,0.0,0.7,0.5,0.7674674,1700.0,4,1
8.027095,13.0,2467.6555,0.42942822,1.0,0.6413904,58.288307,1.0,1.0,0.0,4.690551,6.0,-1.0,1400.0,318.1533,11015.485,843300.0,266550.06,2430.7173,3508.4546,3332.572,9494.542,9949.637,8244.503,0.028572617,0.040624477,0.83999753,0.0400016,0.15363969,0.5209678,0.042865604,0.0356177,0.024588823,0.57053876,0.45454547,0.42389503,0.05,1.0,-0.53816605,-1.0,-0.05,1.0,1.0,0.5,1.0,17377.324,5,3
503.8412,10.0,291.0,0.6331286,1.0,0.77406335,6.0,4.0,1.0,0.0,4.7608724,10.0,4.0,1100.0,370.26984,0.0,843300.0,28258.006,0.0,4741.0103,2383.5872,12025.882,20700.0,22664.236,0.013170395,0.51810324,4.022409e-05,0.0014660903,0.0011011661,0.3677231,0.1313683,0.024598656,0.0,0.9418379,0.0,0.19176884,0.1,0.5,-0.19335184,-0.16666667,-0.2,0.0,0.0,0.5,0.0,1100.0,1,0
514.0,2.4928217,1585.8046,0.46929845,1.0,0.618081,35.89317,23.83927,0.0,0.0,4.448521,7.0,4.0,750.31964,239.09259,0.0,843300.0,168078.1,0.0,5300.8965,3329.9446,720.73157,70519.4,14734.099,0.025058888,0.025217993,0.025029613,0.033358086,0.7997012,0.6020003,-0.36343163,0.026765283,0.13132943,0.0,0.9182039,0.93799406,0.4,1.0,-1.0,-1.0,-0.1,1.0,1.0,0.5,1.0,27217.48,0,3
133.0,13.0,1175.4156,0.43868524,1.0,0.60227895,15.0,10.0,11.0,0.0,4.7648196,3.0,-1.0,0.0,-1.0,11695.905,843300.0,307078.16,1298.67,2828.193,2007.8313,425.23288,1499.85,985.4287,0.111476466,0.14433321,0.81404155,0.12595847,0.0500035,0.28953722,-0.043417778,0.015111334,0.027448695,0.3070501,0.6666667,0.27353433,0.1,0.5,-0.29347003,-1.0,-0.05,0.0,0.0,0.5,0.0,64.263145,5,0
163.0,8.0,647.5234,0.42326266,1.0,0.5899596,3.0,1.0,1.0,0.0,4.582614,5.0,-1.0,1300.0,432.9712,0.0,843300.0,303009.66,0.0,3454.5483,1942.7778,843300.0,843206.9,701027.6,0.80432475,0.040000174,0.040419172,0.03404154,0.040000908,0.44468933,0.2014398,0.081347466,0.0056736893,0.9433137,0.0,0.30188233,0.05,0.7,-0.20430936,-0.4,-0.15,0.0,0.0,0.5,0.0,1800.0,2,5
731.0,12.0,310.48584,0.6259384,1.0,0.76240635,21.332733,32.513714,3.0,0.0,4.8576984,5.0,4.0,0.0,318.92767,3860.7017,0.0,0.0,0.0,0.0,0.0,0.0,55070.89,6300.0,0.7999262,0.33027703,0.050041866,0.25506428,0.15528123,0.3967863,0.104838684,0.047354426,0.019426737,0.6666667,0.30231297,0.34446093,0.033333335,0.7,-0.33333334,-0.6,-0.125,0.3,-0.4,0.22925445,0.2,214.9795,2,3
215.3515,10.0,298.32343,0.62581944,1.0,0.7650696,8.0,7.0,0.0,90.0415,4.7282653,4.0,-1.0,640.0,324.60956,20691.984,843300.0,157582.64,2460.2861,3758.3796,3998.39,6829.689,39347.176,28748.56,0.05017912,0.03334854,0.52505594,0.03333743,0.18186635,0.63294613,0.34181398,0.089743115,0.0059256507,0.88235295,0.0,0.42908624,0.0,1.0,-0.5865204,-0.7,-0.85775936,0.0,0.0,0.5,0.0,2300.0,3,5
468.162,5.0,74.75182,670.84595,1.0,569.52655,0.0,1.0,0.0,0.0,4.796959,4.0,4.0,407.56866,148.99062,4600.0,843300.0,328002.8,1043.1866,3217.0835,2308.243,39569.598,30666.195,35730.12,0.7957324,0.052316643,0.050001163,0.041118402,0.050003897,0.37073487,-0.015013888,0.043014944,0.056488387,0.43717957,0.5714286,0.3743291,0.1,1.0,-0.37933797,-0.6,-0.25737512,0.2,-0.2353223,0.27272728,0.2425724,149.32841,2,3
23.46748,9.0,335.0,0.5969162,1.0,0.7931191,8.0,0.0,1.0,0.0,4.877744,10.0,-1.0,543.25024,148.17912,1500.0,843300.0,178514.42,1009.80817,3401.3594,2064.6008,0.0,0.0,0.0,0.020004371,0.020003824,0.9194889,0.020000862,0.020018421,0.34776476,-0.1111436,0.0,0.012483123,0.46666667,0.5562114,0.0,0.1,0.0,-0.41666666,-0.8,-0.3,0.0,0.0,0.5,0.0,2000.0,5,4
478.64896,2.0,3331.4683,0.39144292,1.0,0.5193322,155.41255,1.0,1.0,8.0,4.91711,7.0,4.0,2.4553075,13.807035,0.0,843300.0,186849.75,0.0,3216.2334,1679.683,0.0,0.0,0.0,0.028585032,0.02858896,0.88479334,0.028577616,0.02857337,0.32533666,-0.015397953,0.0,0.016773827,0.38228872,0.6,0.2667179,0.0,0.6,-0.22928375,-0.8,-0.05,0.0,0.0,0.5,0.0,52.538326,5,0
96.27053,13.0,698.9935,0.44787663,1.0,0.60238147,12.0,1.0,5.0,0.0,4.808488,9.0,-1.0,176.0,70.08687,0.0,843300.0,210750.97,0.0,3481.8003,2027.3372,1300.0,1300.0,1300.0,0.020756444,0.022222547,0.022223217,0.020171514,0.89865685,0.4650691,0.216137,0.066083744,0.0066612647,0.9166667,0.07225827,0.34994534,0.0625,1.0,-0.1862884,-0.4,-0.1,0.0,0.0,0.5,0.0,2800.0,4,4
345.0,7.0,140.74724,0.6850619,1.0,0.82796013,1.0,4.0,0.0,5.0,4.728424,1.0,-1.0,714.91003,327.60352,765728.0,843300.0,128812.25,3429.5688,4067.0034,4414.555,46345.66,13900.0,20814.855,0.03370103,0.41369978,0.70194274,0.05000075,0.43886316,0.4516755,0.1854868,0.0781651,0.004743947,0.85,0.0,0.0,0.0,0.5,-0.21035156,0.0,-0.3,0.375,0.06818182,0.0,0.13403344,1969.4879,3,0
729.86163,12.0,72.27355,461.96793,1.0,0.9362676,2.0,3.0,0.0,21.0,4.3829107,6.0,217.0,661.9129,429.3013,2300.0,0.0,6942.635,1612.4619,0.0,2133.2288,55798.92,99369.336,81535.71,0.033334117,0.033700846,0.05000149,0.9110279,0.02876393,1.0,0.65493906,0.15547436,0.016234579,0.9166667,0.07626481,0.97156274,0.5,1.0,-0.2921793,-0.33333334,-1.0,1.0,1.0,0.5,1.0,1600.0,0,4
267.08832,6.0,259.0,0.63246226,1.0,0.71183425,34.0,2.0,11.0,0.0,4.484114,8.0,-1.0,1700.0,484.7251,25671.863,843300.0,269718.28,3464.3696,22268.512,17931.37,14652.372,8200.0,9078.373,0.028574571,0.02857571,0.028572345,0.38149357,0.3598901,0.7463359,0.27814472,0.040304065,0.008338347,0.81336546,0.19349484,0.5154185,0.1,0.8,-0.20491754,-0.4,-0.071428575,1.0,-1.0,0.5,1.0,2000.0,0,5
217.0,10.0,708.6148,0.43687704,1.0,0.567967,8.0,4.0,13.0,12.0,4.381988,7.0,-1.0,292886.28,42702.02,19743.203,843300.0,284525.75,3193.9153,298093.9,43480.39,1200.0,1800.0,1800.0,0.02857263,0.25427553,0.028703023,0.7996495,0.02857363,0.43150732,0.060130183,0.029158542,0.0077917445,0.78571427,0.22222222,0.3,0.1,0.7,-0.42900312,-0.8,-0.1875,0.0,0.0,0.5,0.0,1500.0,0,1
496.0,13.0,8468.339,0.0,1.0,0.0,289.16376,114.66946,125.41087,0.0,4.758643,10.0,4.0,602.1994,259.9438,1800.0,843300.0,28434.684,929.49945,3256.8286,2193.781,0.0,6900.0,1658.2255,0.020003075,0.36586517,0.025002033,0.020001046,0.53139395,0.54909676,0.14606726,0.03924067,0.02541402,0.6042763,0.39086518,0.46834302,0.033333335,1.0,-0.24006128,-1.0,-0.05,0.0,0.0,0.5,0.0,1600.0,1,3
93.06516,13.0,107.09326,0.654788,1.0,0.6352725,4.0,2.0,3.0,1.0,5.602849,3.6251569,-1.0,215.0,38.427452,686349.9,843300.0,843300.0,3270.595,4661.7705,4177.988,96880.5,101758.19,97199.914,0.7444892,0.05000781,0.050486565,0.040105436,0.05000003,0.35870156,0.1259106,0.11303556,0.0034707708,1.0,0.0,0.0,0.0069445185,0.5,-1.0,-0.5,-1.0,0.1,0.16666667,0.4,0.13636364,7967.122,2,1
364.18716,8.0,2498.8901,0.4144685,1.0,0.47176358,274.12454,113.89983,22.0,0.0,4.90589,8.0,-1.0,2036.8818,547.83936,2000.0,843300.0,292087.94,1468.137,8607.819,4028.9778,0.0,843300.0,837242.6,0.6594289,0.022235474,0.03333389,0.025000269,0.3064362,0.45436272,0.10259641,0.028570885,0.0046087406,0.8333333,0.14285715,0.32134196,0.033333335,0.7,-0.47949052,-0.7,-0.16666667,0.5,0.5,0.1,0.6,1500.0,2,3
230.17032,10.0,135.25926,0.6826799,1.0,0.8440554,2.0,1.0,1.0,2.0,4.909442,3.0,-1.0,248540.52,42179.867,140136.64,843300.0,843300.0,3610.947,295955.9,43504.906,843300.0,843264.06,785586.25,0.7999974,0.0666687,0.19812118,0.040089637,0.121257976,0.5226505,0.1598618,0.07800781,0.005809718,0.9660648,0.06816176,0.35771447,0.033333335,0.6,-0.8045101,-1.0,-1.0,0.16666667,0.0,0.5,0.0,1300.0,2,3
728.0,2.0206628,938.07074,0.0,1.0,0.0,83.584946,51.321423,73.224556,1.0,5.4593434,8.0,217.0,519.0,412.12698,0.0,51900.0,0.0,0.0,2368.9814,1643.6346,732.83936,10846.975,2493.0183,0.025000235,0.025002124,0.02000527,0.0222246,0.91987497,0.37625852,0.4975612,0.03474075,0.0,0.90909094,0.0,0.5319401,0.1,1.0,-0.18050528,-0.4,-0.125,0.3,1.0,0.0,1.0,1800.0,4,4
423.0,9.0,278.43765,0.6391504,1.0,0.80430067,13.0,11.1611185,0.0,0.0,4.5199933,10.0,4.0,473.0,195.58353,1440.6243,843300.0,224104.39,687.86,3553.3618,2234.9492,816.5197,16677.83,6500.0,0.9234239,1.1245197e-05,0.0,0.0,0.0,0.4298311,0.32138634,0.07242722,0.003903307,1.0,0.0,0.4024029,0.05,1.0,-0.27056736,-0.4,-0.3,0.0,0.0,0.5,0.0,518.16235,2,1
731.0,12.0,2243.645,0.0,1.0,0.0,80.47897,83.87242,48.96389,0.0,4.5274405,10.0,4.0,211.0,411.77805,2000.0,0.0,0.0,591.7707,0.0,0.0,460.42105,7187.0874,1900.0,0.020001803,0.020006893,0.02000011,0.020000458,0.9199565,0.487381,0.28226483,0.06885471,0.009009009,0.8807185,0.06861441,0.3857865,0.05,1.0,-0.19166666,-0.4,-0.05,0.3,0.25,0.2,0.21472679,1300.0,4,3
8.000289,13.0,370.3699,0.6245196,1.0,0.7552974,5.0,1.0,2.0,0.0,5.6099567,4.0,-1.0,565.5309,157.00183,2300.0,843300.0,253676.56,701.90155,3055.4866,1919.6742,939.67017,1094.5505,980.1593,0.4847172,0.041846443,0.7152912,0.050000377,0.12771095,0.310436,-0.046746165,0.019584954,0.013870654,0.55178255,0.44444445,0.11058305,0.033333335,0.375,-0.47107497,-1.0,-0.3,0.5,1.0,0.0,0.95951277,560.2509,5,3
477.56506,8.0,0.0,679.3368,1.0,608.68896,0.0,1.0,0.0,4.0,4.7329717,9.0,4.0,629.61194,221.82806,4700.0,843300.0,328264.84,1921.3875,5943.763,3889.653,1400.0,1300.0,1300.0,0.022479147,0.025000932,0.025001843,0.8994925,0.022223726,0.66544306,0.48536685,0.15547645,0.0,1.0,0.0,0.4001206,0.1,0.75,0.0,0.0,0.0,0.7674644,1.0,0.224237,1.0,17944.074,0,0
32.46609,13.0,142.0,464.55212,1.0,0.97484994,0.0,1.0,0.0,1.0,4.3026342,7.0,-1.0,488.0,144.42786,210300.0,843300.0,243317.11,3580.6404,8705.866,6037.1006,20520.121,14782.278,21550.918,0.02533046,0.83985806,0.022224559,0.025002573,0.025028393,0.4255393,-0.14162439,0.0,0.010125343,0.0,0.87405896,0.70564854,1.0,0.5,-0.7385301,-0.5,-1.0,0.4,-0.5,0.14371477,0.4,2000.0,1,4
549.0211,5.0,8473.479,0.0,1.0,0.0,302.7204,115.985825,126.28297,0.0,4.92182,8.0,4.0,1800.0,493.8743,0.0,843300.0,161258.73,0.0,7292.396,3593.0764,0.0,843300.0,802063.25,0.02857604,0.028571874,0.16934064,0.8845527,0.025002042,0.535532,0.091674075,0.040418196,0.025124414,0.61538464,0.375,0.4130988,0.0,1.0,-0.33319587,-1.0,-0.05,0.7,-1.0,0.21111111,1.0,3485.8716,1,1
212.0,6.0,8473.466,0.0,1.0,0.0,299.44287,110.81095,3.0,90.84769,4.61542,3.0,-1.0,701.5675,233.1574,35636.074,843300.0,315713.25,2390.2603,3399.4717,3030.6265,0.0,10943.389,2100.0,0.64017624,0.2792569,0.744058,0.06694563,0.35316616,0.63250476,-0.03340503,0.08038463,0.15448679,0.53836393,0.5358493,0.5618874,0.0,1.0,-0.83829105,-1.0,-0.1,0.5,-0.50362986,0.045454547,0.5,3300.0,3,1
140.05956,14.0,1644.5731,0.0,1.0,0.46136817,7.0,8.0,11.0,2.0,4.163085,6.0,-1.0,0.0,-1.0,18537.033,843300.0,296770.22,1901.947,3470.4058,2651.2527,680.93317,8508.795,2981.1162,0.028620837,0.029191371,0.033334013,0.02862018,0.8805203,0.41394147,0.04807103,0.033947457,0.026528796,0.5438043,0.4602108,0.32166868,0.1,0.7157475,-0.2326979,-0.7,-0.05,0.5,0.40818524,0.045454547,0.40652657,2200.0,4,4
8.000212,9.0,102.89904,0.866905,1.0,0.93250984,0.0,1.0,2.0,0.0,4.745766,9.0,-1.0,676.0,161.07443,7882.686,843300.0,307714.6,2046.6514,4060.2168,3340.8953,843300.0,813925.56,557850.1,0.022225963,0.7992025,0.020017397,0.024388172,0.41605136,0.50309664,0.261086,0.1508505,0.010908873,1.0,0.035852604,0.3060867,0.1,0.6,-0.22463265,-0.25,-0.4,0.26150927,-0.2,0.22272475,0.13636364,17116.283,0,1
492.0,2.439141,1031.2229,0.0,1.0,0.0,0.0,1.0,26.0,0.0,4.105762,7.0,4.0,381.4432,158.21786,86744.555,843300.0,196174.4,3592.6829,6711.4175,4895.733,23177.611,21900.0,24681.523,0.029561115,0.029892607,0.028612815,0.040000107,0.80070555,0.7610304,0.0,0.043749895,0.04429896,0.5008894,0.5,0.41797215,0.1,1.0,-0.4297467,-0.8,-0.15555556,0.0,0.0,0.5,0.0,24780.031,4,3
8.108681,8.0,311.0,0.6231515,1.0,0.8071261,0.0,1.0,1.0,0.0,4.401522,1.0,-1.0,0.0,-1.0,843300.0,843300.0,843300.0,3574.711,3454.465,3746.9417,1200.0,1300.0,1400.0,0.13118052,0.5003279,0.7333246,0.3978592,0.2676233,0.50671816,-0.0743913,0.029362703,0.03874477,0.2547631,0.5555556,0.25956786,0.05,0.5,-0.30299532,-0.6,-0.05,1.0,-1.0,0.5,1.0,993.087,5,3
35.90481,10.0,111.51734,621.3194,1.0,249.68797,0.0,1.0,1.0,0.0,4.7461696,6.0,-1.0,488.0,126.559105,23668.426,843300.0,287235.7,2908.7837,5172.5503,3774.5232,1500.0,1400.0,1443.6115,0.02862865,0.883882,0.028604286,0.033422697,0.033334676,0.43482563,0.0,0.04904002,0.06108344,0.41903827,0.5857836,0.35626233,0.3,0.5,-0.25103337,-0.3888889,-0.4,0.0,0.0,0.5,0.0,1900.0,1,4
677.9387,14.0,140.69466,0.6840261,1.0,0.83217216,3.0,2.0,1.0,0.0,4.320605,7.0,217.0,1400.0,594.96906,2300.0,617900.0,115287.2,1423.5278,3559.9731,2816.8506,843300.0,842167.1,696925.9,0.53873533,0.028574243,0.033334892,0.028571745,0.6152074,0.56570333,0.38338956,0.10009384,0.010473743,0.9,0.09090909,0.45210448,0.16666667,0.8,-0.13319711,-0.125,-0.1,0.5,0.3,0.045454547,0.3,1800.0,4,3
493.15448,2.0,2586.8145,0.0,1.0,0.24005346,25.0,9.0,29.565638,0.0,4.2932196,8.0,4.0,740.9968,267.54694,3900.0,843300.0,189961.3,1579.4291,6646.2827,4043.3823,10708.792,10100.0,8050.987,0.025381913,0.025442777,0.028575964,0.74850285,0.21951227,0.52719027,0.09925995,0.04666953,0.027701262,0.6253102,0.37720358,0.4238469,0.0625,1.0,-0.39156747,-1.0,-0.05,0.0,0.0,0.5,0.0,9126.569,0,4
74.129745,9.0,281.16122,0.61729,1.0,0.7913425,1.0,1.0,1.0,1.0,5.151219,9.0,-1.0,1700.0,396.71497,0.0,843300.0,171457.64,0.0,3481.8,1777.5948,686.00085,0.0,0.0,0.020208236,0.020132076,0.9199914,0.020064108,0.02047422,0.0,-0.1522694,0.0,0.012533064,0.0,0.96039027,0.5115287,0.58417904,0.5,-0.22492018,-0.5,-0.05,0.0,0.0,0.5,0.0,58.86151,5,1
293.31442,9.0,947.01117,0.46895313,1.0,0.6248446,45.771465,0.0,1.0,0.0,4.7511883,9.0,-1.0,1600.0,447.622,2100.0,843300.0,315344.25,1594.6165,5313.621,3375.2297,0.0,0.0,0.0,0.8851222,0.02065942,0.028571846,0.022236127,0.022223044,0.431462,0.1261199,0.040776078,0.015187955,0.72727275,0.26923078,0.323886,0.0,0.8,-0.24714741,-0.6666667,-0.1,0.0,0.0,0.5,0.0,1800.0,2,1
30.21264,13.0,7348.385,0.0,1.0,0.0,5.0,5.0,1.0,90.816154,4.2993627,6.0,-1.0,519.0,150.25375,11728.054,843300.0,265212.44,1883.092,3681.1182,3043.0515,936.21173,3100.0,1668.2195,0.02964278,0.79982895,0.04000204,0.033344194,0.040000476,0.5055794,0.14872809,0.06388462,0.02016358,0.7622131,0.24624062,0.4388367,0.05,1.0,-0.5557442,-1.0,-0.05,0.0,0.0,0.5,0.0,9643.804,1,0
89.408226,9.0,144.0,0.668136,1.0,0.73140854,6.0,1.0,1.0,0.0,5.4999385,3.0,-1.0,388.796,77.35792,61871.56,843300.0,596555.1,2919.6843,3925.6833,3622.6533,2400.0,2800.0,2626.0308,0.20195228,0.1870461,0.3010347,0.24446425,0.2728505,0.0,-0.39375,0.0,0.05716589,0.0,0.9978941,0.0,0.1,0.0,-0.23464835,-0.4,-0.14334723,0.0,0.2,0.5,0.25,7400.0,4,0
494.5581,7.0,783.1889,0.40172294,1.0,0.58482105,6.0,3.0,1.0,0.0,4.2910905,10.0,4.0,2200.0,570.1954,2400.0,843300.0,128576.04,1744.8302,4459.3877,3071.356,1300.0,1500.0,1422.8157,0.88472724,0.020000737,0.0200002,0.020000098,0.30142945,0.4422296,0.0033061134,0.03089453,0.029675992,0.5,0.5,0.29803786,0.1,0.6,-0.31654185,-0.8,-0.125,0.0,0.0,0.5,0.0,1600.0,4,1
691.3896,10.0,459.4644,0.5948034,1.0,0.76614785,3.0,3.0,1.0,1.0,4.469788,6.0,4.0,500.0,414.4866,2300.0,69100.0,38230.297,1598.1482,0.0,1823.1554,941.8933,777.26117,1100.0,0.46745604,0.040002786,0.028581263,0.22414641,0.033334285,0.47111335,0.24761483,0.063374184,0.004087735,1.0,0.07982667,0.4502657,0.1,1.0,-0.26365957,-0.3,-0.125,0.0,0.0,0.5,0.0,1200.0,1,0
8.0,13.0,153.9637,0.66842,1.0,0.83277303,0.0,1.0,1.0,0.0,4.569382,8.0,-1.0,676.0,135.00226,3900.0,843300.0,259838.27,1290.7957,3252.22,2092.8696,12579.425,14688.582,15519.716,0.02526101,0.025062265,0.8106361,0.025294218,0.14952214,0.37557006,0.14924744,0.0679349,0.006675942,0.9166667,0.07993196,0.2131151,0.05,0.5,-0.1800077,-0.16666667,-0.1875,0.45454547,0.25,0.05386976,0.25,1100.0,5,4
465.85126,13.0,164.84511,0.7527322,1.0,0.84963244,5.0,4.0,9.0,0.0,4.714037,6.0,4.0,527.0,156.42946,10842.037,843300.0,324624.53,1859.2859,4923.934,3439.668,8097.723,31907.36,23007.764,0.028741637,0.03333586,0.5333282,0.6859076,0.028669106,0.449405,-0.28314215,0.021234656,0.06965902,0.0,0.86591804,0.32109985,0.1,0.5,-0.3554101,-0.6,-0.1,0.0,0.0,0.5,0.0,1400.0,5,2
392.76303,7.0,612.1558,0.6230295,1.0,0.6854136,3.0,4.0,24.0,0.0,4.663161,7.0,-1.0,588.8215,287.31995,0.0,843300.0,233177.17,2142.5793,3483.3352,2633.1912,1000.0,4800.0,2800.0,0.040096764,0.052269008,0.36707145,0.02862165,0.19250652,0.46779677,0.0,0.019767793,0.017625667,0.53846157,0.4,0.22723655,0.05,0.0,-0.125,-0.4,-0.1,0.5,0.4,0.45,0.45,1000.0,4,1
669.0324,10.0,542.35364,0.47201574,1.0,0.63780177,3.0,1.0,1.0,0.0,4.341408,8.0,217.0,1400.0,643.9041,0.0,617900.0,107366.41,0.0,3476.4543,2124.7695,1000.0,1100.0,1149.3105,0.79999816,0.02583368,0.02861167,0.025461785,0.05000104,0.4132123,0.06564679,0.02619928,0.017930921,0.5833333,0.41666666,0.3922662,0.12796438,0.8,-0.2525745,-0.8,-0.05,0.0,0.0,0.5,0.0,1600.0,2,4
573.8844,8.0,762.47626,0.47493994,1.0,0.5938544,4.0,2.0,0.0,0.0,4.8410606,10.0,-1.0,616.6523,330.06894,0.0,28000.0,116539.414,0.0,7976.2783,1914.5791,6484.238,963.72833,1470.8196,0.029300833,0.025042877,0.0003654611,0.3087981,0.028642176,0.4296451,0.18637265,0.0764237,0.009704437,0.84995747,0.14285715,0.45484805,0.0625,1.0,-0.24670337,-0.3,-0.15555556,0.7,0.0,0.0,0.0,1500.0,1,3
73.0,13.0,0.0,0.0,0.0,0.0,0.0,0.0,0.0,0.0,0.0,4.0,-1.0,440.0,86.15683,71621.83,843300.0,759899.56,3215.2524,6596.0254,5020.794,0.0,0.0,0.0,0.1191632,0.06666698,0.054156408,0.7980232,0.050000712,0.0,0.0,0.0,0.0,0.0,0.0,0.0,0.0,0.0,0.0,0.0,0.0,0.0,0.0,0.5,0.0,1500.0,0,2
344.6309,9.0,175.0,0.5616357,1.0,0.5577861,271.05838,4.0,1.0,0.0,4.3557982,6.0,-1.0,3100.0,279.26526,3500.0,843300.0,229416.73,3437.4722,2321.7258,4188.365,681.91785,1700.0,2100.0,0.11565293,0.36135256,0.26551816,0.16000904,0.0333337,0.39975378,0.14356595,0.05,0.027616482,0.6082161,0.5,0.26201257,0.1,0.8,-0.3720192,-1.0,-1.0,0.0,0.0,0.022727273,0.084843926,196159.94,4,4
206.41531,9.0,307.21625,0.6097841,1.0,0.938429,16.0,2.0,0.0,1.0,4.624686,10.0,-1.0,1300.0,201.10376,77310.65,843300.0,238766.03,1891.8318,3256.4453,2945.312,1200.0,565.80865,1434.3931,0.60792637,0.16246675,0.8187721,0.025044573,0.05000006,0.5347409,0.24811293,0.045192607,0.023844589,0.72060287,0.40642485,0.6051768,0.21428572,0.5,-0.28084627,-0.071428575,0.0,0.0,0.25,0.5,0.035589974,902.72644,4,3
406.2654,10.0,8460.611,0.7300084,1.0,0.30868673,5.0,1.0,1.0,0.0,5.0963902,8.0,361.0516,950.4746,261.15646,0.0,843300.0,0.0,0.0,3214.9307,2817.6187,4000.0,3600.0,2083.397,0.020000236,0.03412937,0.02003271,0.040032674,0.8154034,0.9951809,0.07090477,0.025961261,0.010474105,0.65,0.0,0.3899537,0.1,0.0,0.0,0.0,0.0,0.0,-0.15,0.5,0.0,2900.0,1,3
70.0,6.1642313,0.0,0.5263397,1.0,0.0,25.0,6.0,2.0,0.0,7.3454328,9.0,217.0,1100.0,42739.77,0.0,843300.0,259389.75,1629.5177,203334.98,3732.3606,0.0,2000.0,1000.0,0.8999793,0.02933918,0.020008497,0.2639683,0.9199731,0.9409217,0.2134004,0.044676594,0.012087526,0.61731094,0.0,0.6005003,0.0,1.0,-0.41666666,0.0,-1.0,0.45454547,1.0,0.0,0.25,1200.0,0,4
731.0,5.0,437.9011,0.5651066,1.0,650.0,264.04312,12.0,128.0,0.0,7.973719,4.0,-1.0,0.0,42827.855,4062.2065,0.0,0.0,0.0,298400.0,2715.433,1700.0,814265.1,0.0,0.02240648,0.02976514,0.006268626,0.0,0.9271908,0.67866445,-0.39100492,0.0461555,0.01896803,0.74656504,0.0,0.5325679,0.1,1.0,-0.96516645,-1.0,-1.0,1.0,1.0,0.5,0.0,548.1481,3,5
