LIMIT_BAL,SEX,MARRIAGE,AGE,PAY_0,PAY_3,PAY_4,PAY_5,PAY_6,BILL_AMT2,BILL_AMT3,BILL_AMT4,BILL_AMT6,PAY_AMT1,PAY_AMT2,PAY_AMT5,PAY_AMT6,default payment next month
100000.0,2,1,37.0,-1,-1,-1,0,-2,1839.7571,29437.08,20644.885,12445.9375,3004.5864,37284.03,13831.816,0.0,0
210000.0,2,1,35.0,-2,-2,-2,-2,-2,0.0,0.0,0.0,0.0,0.0,0.0,0.0,0.0,1
180000.0,2,2,27.0,0,0,0,0,0,165861.94,166156.39,158777.39,154765.89,7000.0,7285.376,6553.8037,7201.5806,0
590175.9,2,2,29.0,0,0,0,0,0,755606.06,168931.2,0.0,0.0,12165.164,2032.6964,0.0,622.0786,0
340000.0,2,2,32.0,0,0,2,0,0,54097.08,6136.8223,29949.332,4880.8936,4547.781,1409.8694,2000.0,1100.0,0
50000.0,1,2,43.0,0,0,0,0,0,50458.438,35022.59,20009.395,18671.244,2033.8668,3826.7368,0.0,0.0,0
20000.0,1,1,32.0,0,0,0,0,0,85821.914,84977.29,56187.68,96269.31,179.51851,4000.0,325.57202,103600.734,0
500000.0,2,2,29.0,2,2,2,0,0,22287.324,18687.621,11655.84,177021.06,4500.0,2000.0,156625.9,52146.086,0
20000.0,2,2,22.0,0,0,0,0,0,19771.973,19186.197,17770.38,14585.646,1500.0,1351.1069,416.3334,544.4582,0
150000.0,2,2,30.0,-1,-1,-1,-1,-1,602.604,12915.946,642.8471,878.82495,915.1536,12662.458,1000.0,5000.0,0
30000.0,2,1,29.0,0,0,0,0,-1,8150.815,390.0,390.0,28455.78,1400.0,0.0,54384.094,0.0,0
50000.0,2,2,40.0,0,0,0,0,0,41086.113,45692.438,47399.152,48446.67,1800.0,3000.0,1000.0,2000.0,0
180000.0,2,2,23.0,-1,-1,-1,-1,-1,1368.005,391.30072,1355.6061,2330.3245,2000.0,1213.4388,2000.0,1512.7772,0
360000.0,1,2,31.0,0,0,0,0,0,216844.53,112443.24,129452.03,155372.02,18025.314,2000.0,1500.0,3503.0334,0
40000.0,2,2,34.0,1,0,2,2,2,6080.013,16731.492,3754.4412,1528.0021,0.0,2000.0,1000.0,549.7497,0
170000.0,2,1,26.0,0,0,0,-2,2,0.0,37203.742,0.0,568.2621,0.0,0.0,0.0,479870.25,0
190000.0,2,1,60.0,2,0,0,0,0,191150.17,194794.4,181980.19,174132.44,0.0,8505.863,7661.0786,6945.589,0
390000.0,1,2,26.0,-1,0,0,0,0,4736.603,50092.887,13581.245,56278.9,3000.0,10000.0,25078.846,3000.0,0
120000.0,2,2,28.0,0,0,2,0,0,22225.44,36794.184,34099.617,29357.21,2000.0,19239.916,1000.0,1500.0,0
50000.0,1,1,37.0,0,0,0,0,0,23126.496,8930.888,13243.662,6797.913,2100.0,1226.9858,0.0,0.0,0
170000.0,1,1,27.0,0,0,2,0,0,86361.17,49180.03,137528.77,93137.83,10608.129,3366.4944,1000.0,2620.3423,0
20000.0,1,2,29.0,-2,-2,-2,-2,-2,-69777.0,-157264.0,-170000.0,-339603.0,0.0,0.0,0.0,0.0,0
50000.0,2,1,30.0,0,0,0,0,2,28323.248,30692.928,17262.295,16183.325,1641.1171,1000.0,1000.0,1193.2831,0
50000.0,1,2,32.0,2,0,0,0,0,38599.645,53423.832,18755.832,30156.45,1238.2915,0.0,0.0,1331.2349,1
332567.75,2,2,30.0,0,-1,0,0,-1,78675.75,12891.408,13658.048,3038.5564,22571.982,0.0,1500.0,433.6164,0
260000.0,2,1,32.0,0,0,0,0,0,226251.34,223424.53,201105.73,207374.05,9000.0,8681.504,5775.482,6390.73,0
150000.0,2,2,30.0,2,2,2,0,0,150899.2,147801.88,135298.33,116734.01,0.0,10585.05,3000.0,4000.0,1
200000.0,2,1,29.0,0,2,2,0,0,133453.77,148651.58,131501.38,134474.66,8915.408,12714.888,8069.426,4027.9585,0
500000.0,1,1,38.0,-2,-2,-2,-2,-2,-69777.0,-157264.0,-168915.94,-6631.083,0.0,0.0,1200.0,1000.0,0
80000.0,1,2,42.0,0,0,0,0,0,10687.067,8062.645,16878.395,10739.833,1522.4755,1006.3454,327.41763,500.0,0
100000.0,1,2,29.0,-1,-2,-1,-1,-1,-69497.664,-144483.06,-1.6882544,0.0,0.0,0.0,324.432,303.561,0
466743.03,2,1,48.60355,-2,-2,-2,-2,-2,0.0,200.96553,151.3961,0.0,0.0,1000.0,0.0,59716.26,0
160000.0,1,1,44.0,-1,-1,-1,-1,-1,963.54706,606.5133,602.42847,850.72144,1200.0,898.9961,1000.0,1000.0,0
20000.0,2,2,22.0,0,0,0,0,0,18597.799,19380.256,18909.39,19026.36,1500.0,1495.8213,800.0,1000.0,1
20000.0,2,3,43.0,0,0,0,0,-2,644.1695,60293.58,151.27931,47454.105,2706.386,0.0,0.0,0.0,0
250000.0,1,1,30.0,-1,0,0,-1,2,10041.7295,5028.776,7546.6885,2861.052,8874.382,2492.428,0.0,5000.0,0
150000.0,2,2,46.0,0,2,0,0,0,28402.047,55957.047,109326.17,73781.68,1877.4841,1000.0,5397.994,1000.0,0
150000.0,2,1,36.0,0,0,0,0,0,82597.375,44782.766,58004.316,22019.56,1192.5989,2648.694,300.0,1000.0,1
20000.0,1,2,25.0,0,0,0,2,0,10057.939,11406.139,14847.737,14643.103,1500.0,1371.6797,1000.0,1275.1583,0
104124.49,1,2,26.0,0,0,0,0,0,94959.64,103349.94,102505.12,94928.75,4448.492,6626.9736,3357.608,3000.0,0
30000.0,1,2,34.0,4,0,0,0,0,780.0,2194.1653,24580.918,29534.062,1322.0834,3000.0,200.82828,3000.0,0
90000.0,2,1,27.0,0,2,2,2,0,83566.36,87040.71,90538.65,87066.125,5659.9814,4588.6265,2500.0,4228.957,0
20000.0,1,1,30.0,0,0,0,0,0,17322.902,17283.28,14683.067,11839.895,1700.0,2019.3999,1000.0,1000.0,0
180000.0,2,1,41.0,0,0,0,0,0,14475.593,19849.355,23855.98,28291.18,1800.0,1518.91,1500.0,2000.0,0
130000.0,2,1,26.0,0,0,0,0,0,126525.15,104329.28,100107.06,105971.27,6000.0,2502.7756,5289.08,3994.4744,0
420000.0,2,1,37.0,-1,-1,-1,-1,0,2128.035,785.5621,2493.1074,11339.716,2200.0,1000.0,7117.0557,4863.5483,0
330000.0,2,2,27.0,0,0,-1,0,0,5422.2456,0.0,15672.078,4078.512,3597.7466,1500.0597,498.6557,0.0,0
500000.0,1,2,35.0,-2,-2,-2,-2,-2,0.0,0.0,0.0,390.0,0.0,0.0,292.86362,1500.0,0
210000.0,1,1,36.0,0,0,0,0,0,201917.86,202029.55,191162.67,193547.36,8695.017,7428.3984,6000.0,8000.0,1
60000.0,1,2,23.0,-2,-2,-2,-2,-2,-69765.46,-156989.1,-169046.44,-338741.62,0.0,0.0,0.0,0.0,0
30000.0,2,2,22.0,0,0,0,-1,-1,40253.914,28107.25,1826.783,0.0,2000.0,1230.3468,0.0,0.0,0
280000.0,1,1,35.0,-1,-1,-2,-2,-2,9127.335,1752.411,0.0,0.0,5000.0,3500.0,0.0,0.0,1
30000.0,2,1,39.0,-1,-1,0,-1,-1,1055.6492,2961.8208,2403.8674,4748.3145,1099.6265,1007.97754,2100.0,0.0,0
160000.0,2,2,29.0,0,0,0,0,0,103542.5,48089.766,108770.57,81963.945,8627.492,4000.0,3000.0,2803.4263,0
130000.0,2,1,39.0,-2,-2,-2,-2,-2,0.0,820.50146,1186.0369,2278.0881,0.0,1000.0,1623.1403,1000.0,0
20000.0,2,2,25.0,1,-2,-2,-2,-2,0.0,0.0,0.0,0.0,0.0,0.0,0.0,0.0,1
100000.0,2,1,27.0,0,0,0,0,0,103339.93,90556.41,89828.44,52909.59,3619.5776,2601.038,2000.0,0.0,0
70000.0,2,1,52.0,2,0,0,0,-1,38848.918,36031.844,29562.066,3212.2468,3700.9656,2214.5522,2000.0,6000.0,0
200000.0,2,2,34.0,0,2,2,0,0,76864.125,76295.84,68473.79,72798.11,6068.241,0.0,2000.0,1649.7065,0
130000.0,2,2,45.962128,1,0,0,0,-1,140.08076,28849.777,14227.734,9932.267,1800.0,3480.2732,1426.6875,0.0,0
241379.31,1,2,42.0,0,0,0,-1,-1,44966.56,14929.978,37783.137,16537.662,1701.228,427.0257,1000.0,0.0,0
150000.0,2,1,33.0,0,0,0,0,0,13983.887,16435.633,18590.73,6633.4854,1715.7007,2700.0337,1000.0,8322.107,0
10000.0,2,1,57.0,-1,0,0,0,0,865.6206,1382.0452,1881.3729,2821.6792,1157.0323,1084.8015,363.54675,447.93457,0
180000.0,2,2,29.0,-1,0,-1,0,0,1941.0616,3466.2783,960.516,9319.154,1600.0,1899.0392,698.7538,5000.0,0
10000.0,1,2,34.0,1,0,2,0,0,2757.9136,62853.523,55116.094,21092.285,0.0,1889.094,1983.5773,993.97577,1
250000.0,2,1,51.16061,-1,-1,-2,-2,-2,-69777.0,-157264.0,-170000.0,-339603.0,3169.9998,0.0,0.0,0.0,0
30000.0,2,1,53.0,0,2,2,2,2,26927.738,26262.865,27605.484,29297.775,3000.0,1249.2881,2000.0,1424.1917,1
80000.0,2,1,27.0,1,-1,0,0,2,23263.346,9076.751,19477.906,29936.326,1266.3324,4892.79,0.0,0.0,0
280000.0,2,1,40.0,0,0,0,0,0,281932.12,281203.03,286029.66,271986.53,11000.0,11866.263,8965.705,10000.0,0
110000.0,1,1,40.0,0,0,0,0,0,40303.74,82752.266,201516.73,20459.586,4122.749,1699.0804,3000.0,11719.589,0
80000.0,1,2,21.023329,0,2,0,0,0,14233.698,13702.782,396.0,1444.7148,3007.392,3612.7217,0.0,0.0,0
425025.94,2,1,48.0,1,-1,-1,-1,-2,13248.038,289041.9,-11.082595,-1472.048,19351.457,929824.4,0.0,9412.131,0
200000.0,2,1,51.0,1,-2,-2,-2,-2,0.0,0.0,0.0,0.0,0.0,0.0,0.0,0.0,0
20000.0,1,1,47.0,1,-1,-1,-1,-1,326.0,186.23337,0.0,146.97697,5.2305703,198.72003,53.030994,596.09076,0
213526.17,1,3,31.0,1,-1,-1,-1,-1,5422.2314,0.0,106083.51,20899.07,15000.0,0.0,110491.086,903.14386,0
20000.0,1,3,48.104004,-1,0,0,0,0,43012.05,49283.72,80112.77,21244.979,1200.0,5000.0,3575.6519,1224.0642,0
130000.0,2,1,57.93585,-2,-1,0,0,2,11704.861,4067.2996,9443.985,11993.704,1425.5359,2000.0,2000.0,652.44104,0
80000.0,1,1,35.0,0,0,0,0,0,55281.492,56300.273,62145.176,50439.293,2398.0803,2000.0,1999.2611,2000.0,0
689323.7,2,1,34.0,0,0,0,0,0,158684.73,854942.4,889427.3,596240.1,20007.117,1227082.0,30646.309,19399.807,0
50000.0,1,2,26.0,2,0,2,2,2,46960.04,46547.297,45028.258,46928.33,2000.0,3000.0,0.0,1903.8793,0
80000.0,2,2,78.94596,0,0,0,0,0,81504.95,67568.3,48268.574,69214.445,4000.0,2500.0,9416.984,5346.571,0
210000.0,2,1,40.0,-1,-1,0,0,-1,1265.9954,4182.778,9843.569,0.0,0.0,1489.595,0.0,5000.0,0
150000.0,2,1,44.0,-1,-1,2,0,0,326.0,11269.145,17880.336,35816.164,0.0,5736.8457,1845.2482,396.0,1
280000.0,2,2,37.0,4,0,2,0,0,52144.215,44265.89,59114.664,8176.849,6500.556,2000.0,0.0,9467.417,0
70000.0,2,2,58.0,0,0,0,0,0,48485.836,38254.035,28234.002,190661.3,2838.3037,2000.0,126595.01,196670.78,0
500000.0,2,2,30.0,1,-2,-2,-2,-2,0.0,0.0,0.0,0.0,0.0,0.0,0.0,0.0,0
60000.0,2,1,35.0,1,-2,-1,-1,-1,-69777.0,-157264.0,-169241.1,-9365.358,0.0,0.0,500.0,700.0,0
320000.0,1,2,34.0,0,0,2,0,0,0.0,9768.38,11592.346,12472.421,0.0,0.0,184660.33,524832.3,0
310000.0,1,2,44.0,0,0,0,0,0,95922.4,96752.62,117447.09,79244.19,3000.0,5001.347,2105.8364,4977.845,0
80000.0,2,2,26.0,-2,-2,-2,-2,-2,0.0,942.10315,4456.705,9235.218,0.0,1500.0,10607.477,2800.0,0
200000.0,2,2,28.0,-2,-1,-1,0,0,445.30838,472.22812,545.373,1640.5598,269.1565,390.0,831.899,0.0,0
180000.0,1,2,29.0,0,0,0,0,0,162254.81,157230.33,142615.45,54651.0,6008.147,6762.0435,2000.0,2000.0,0
90000.0,1,1,35.0,0,0,0,0,0,66972.34,72515.34,39100.812,31103.521,3200.0,4074.034,439.99326,1000.0,0
50000.0,2,1,52.0,0,0,0,0,0,18898.691,16801.498,15482.826,9044.161,1500.0,1970.1648,672.1857,260.3653,0
20000.0,2,1,52.0,0,0,0,0,0,12683.208,13753.976,14666.059,15094.385,1360.3822,1336.6991,663.8982,982.97363,0
100000.0,1,1,54.0,0,0,0,0,0,69242.62,407050.78,56504.46,28535.6,4610.9717,1187375.1,1426.4246,1498.4597,0
180000.0,2,2,52.0,-2,-2,-2,-2,-2,5514.503,23096.152,27792.584,13191.497,2026.439,10000.0,25779.98,16054.747,0
999833.0,1,1,51.0,-1,-1,-1,-2,5,38.315216,-156219.17,-169923.31,-339603.0,165428.67,16981.8,0.0,0.0,0
70000.0,1,1,41.0,0,0,0,0,0,58356.848,59425.57,56631.527,51260.05,2352.8398,2299.4229,2000.0,2000.0,1
20000.0,2,1,28.0,0,0,0,0,0,14339.694,15845.467,16625.49,16545.559,1453.2218,1358.7799,700.0,783.29004,0
140000.0,1,3,39.0,3,0,0,0,0,17780.799,17974.918,686.02386,2018.5386,4500.0,2296.952,0.0,7000.0,0
280000.0,2,2,44.0,-1,-1,-2,-2,-2,922.64545,0.0,0.0,0.0,1288.9458,0.0,0.0,0.0,0
130000.0,2,2,28.0,1,0,0,0,0,139057.08,106717.805,45211.707,79329.99,0.0,3213.7676,2033.9492,2000.0,0
380000.0,2,2,26.0,0,2,0,0,0,168272.27,324925.53,225571.52,161042.19,38933.84,5912.1187,7219.868,2500.0,0
410000.0,2,2,34.0,-1,-1,-1,-1,-1,296.1257,380.85535,0.0,296.40396,0.0,326.68753,256.95258,200.3011,0
50000.0,1,2,29.0,1,0,0,0,0,51426.19,31201.254,29728.621,24528.994,903.42175,2600.0,1000.0,1000.0,0
100000.0,2,1,28.0,0,0,0,0,0,25995.021,27768.209,28344.443,24557.637,3000.467,1880.0477,1757.7225,1792.8523,0
90000.0,1,2,24.0,2,0,0,0,0,60816.824,67376.13,67968.19,76498.32,5000.0,4167.4287,1000.0,2000.0,0
70000.0,2,2,37.0,0,0,0,0,0,65137.676,63124.94,50441.72,47799.812,3000.0,4000.0,2000.0,2000.0,0
160000.0,1,1,44.0,0,4,2,0,0,5310.5244,62190.816,429437.34,52607.867,0.0,4322.1226,6000.0,3319.4932,1
150000.0,2,2,51.0,1,-1,-2,-2,-2,8811.21,925.40533,0.0,453.99878,2500.0,0.0,0.0,0.0,0
200000.0,2,1,34.0,-2,-2,-2,-2,-2,14436.171,19547.643,7822.935,78591.96,13479.197,24367.766,85167.914,9025.993,0
210000.0,2,2,28.241917,0,0,-1,0,0,13174.936,9503.115,142165.25,106404.84,0.0,1249.631,0.0,2285.7202,0
140000.0,1,1,35.0,0,0,0,0,0,85982.03,8176.1753,58546.195,28896.76,825.29767,0.0,608.88275,700.0,0
300000.0,2,2,27.0,-1,-1,0,0,0,9692.939,1572.3612,5799.7876,26150.3,1358.5209,2363.6648,1439.4352,2196.914,0
269634.4,2,1,40.0,-2,-2,-2,-1,-1,0.0,0.0,1181.5127,0.0,0.0,0.0,0.0,115.417046,0
210000.0,1,2,41.0,4,0,0,0,0,21482.469,57029.4,29818.246,45382.484,12060.178,605.9279,0.0,0.0,0
413073.1,1,1,30.0,2,0,0,0,0,488730.03,449905.62,433029.28,365013.78,18432.918,20267.887,13354.573,11403.935,1
60000.0,1,1,52.0,1,-2,-1,-1,-1,-69777.0,-157264.0,-169958.84,-338951.94,0.0,0.0,0.0,97779.57,0
50000.0,1,2,25.0,0,0,0,0,0,36196.867,33041.133,31248.332,31001.867,1739.6012,1500.032,1500.0,1281.0594,0
300000.0,1,2,30.0,0,0,0,0,2,66104.195,29168.658,14166.886,48733.95,1701.0592,1593.29,502.55228,787.3202,0
579317.1,2,2,29.0,-2,-2,-2,-2,-2,-69777.0,-157264.0,-170000.0,-339603.0,0.0,0.0,0.0,0.0,0
10000.0,1,1,25.0,0,0,0,0,0,4286.861,1937.1942,780.2715,-169813.94,1613.0864,1081.9703,0.0,0.0,1
400000.0,2,2,32.0,-2,-2,-2,-2,-2,0.0,0.0,0.0,0.0,0.0,0.0,0.0,0.0,1
14106.092,1,1,59.14066,0,0,0,0,0,20765.85,23359.277,15789.549,1221.1777,1857.1685,1340.2388,0.0,390.0,0
500000.0,2,2,32.0,-2,-2,-2,-2,-2,533.5358,390.0,306.34262,780.0,1299.1718,577.0687,1000.0,416.83508,0
30000.0,1,1,60.994328,-2,2,-2,2,2,26700.816,16750.75,27213.822,30270.36,0.0,0.0,2389.2454,0.0,1
120000.0,2,2,58.0,0,0,-1,2,-2,1372.9832,23731.346,71212.98,0.0,0.0,17.271938,0.0,0.0,0
112406.37,2,1,31.0,0,2,0,0,0,171147.28,25430.33,112128.266,43962.53,3385.8276,0.0,1100.0,3796.695,0
200000.0,1,2,33.0,0,0,0,0,0,38690.844,97516.914,376379.06,48084.59,8097.0576,3000.0,0.0,0.0,0
280000.0,2,1,60.00745,-1,-1,-1,-2,-2,669.76495,442.9693,0.0,0.0,1022.5573,855.0866,0.0,0.0,0
50000.0,2,2,23.0,0,0,0,0,0,41157.25,23920.617,15487.488,71028.984,616.68414,2021.7281,1511.2832,753.0527,0
140000.0,1,2,25.0,-1,0,-2,-1,0,19952.656,27798.309,17053.383,13654.755,6000.0,3000.0,11564.474,39889.695,0
10000.0,2,2,29.0,-1,0,0,0,0,3587.9592,29463.367,18200.424,16373.188,5000.0,2476.9673,18002.064,9903.189,0
210000.0,2,2,26.0,0,0,0,0,0,4631.6675,5783.561,6658.252,7269.3096,1150.3685,1699.5507,1011.3038,1000.0,0
30000.0,2,3,26.0,0,3,0,0,0,49932.668,83536.266,29443.54,72356.66,5000.0,2628.4832,319.64023,16040.854,0
450000.0,2,2,29.0,2,0,0,0,-1,387320.8,403029.2,403426.53,952532.25,0.0,18995.477,317526.03,208949.89,0
150000.0,1,2,23.0,-1,-1,-2,-2,-2,1413.8378,0.0,0.0,0.0,683.687,0.0,0.0,0.0,0
110000.0,1,2,22.0,2,0,0,0,0,115740.164,111497.34,101090.1,86115.61,4685.879,4504.52,2700.8862,3264.0652,0
360000.0,1,2,26.0,-2,-2,-2,-2,-2,360.55533,0.0,326.0,0.0,0.0,0.0,0.0,0.0,0
120000.0,2,2,31.0,-1,-1,-1,-1,-1,-69777.0,-157241.88,-169897.22,-339569.12,0.0,0.0,0.0,0.0,1
260000.0,2,1,40.0,0,0,2,0,0,6360.5854,1296.631,86213.03,0.0,0.0,2500.0,100.304665,0.0,1
30000.0,1,2,50.378174,0,0,2,-2,0,134116.08,235927.02,0.0,43712.426,0.0,4000.0,0.0,13081.095,0
400000.0,2,2,41.0,2,0,0,0,0,226617.34,218242.03,27857.521,17037.07,9432.203,7829.5703,86139.78,4503.2866,0
150000.0,2,1,24.0,0,0,2,0,-1,138.83246,17039.225,458.8051,410.86865,5894.2515,1383.8694,4000.0,995.68945,0
20000.0,1,2,27.0,0,0,0,0,0,20426.447,21891.574,21572.986,20440.95,1680.6609,1600.0,1500.0,0.0,0
200000.0,2,2,25.0,2,0,0,-2,-1,27172.29,62403.93,47284.094,58006.0,141511.33,0.0,0.0,1500.0,0
200000.0,2,2,25.0,1,0,0,0,0,48683.613,35478.74,33931.5,17533.95,7032.74,2091.575,793.6089,1500.0,0
200000.0,2,1,39.0,0,0,0,0,0,24355.072,17654.225,16792.75,29457.785,5000.0,3700.2551,24450.826,2865.0913,0
1000000.0,2,1,59.998722,-1,-1,-1,-1,-1,124678.0,747918.0,295692.0,41420.93,256173.58,1226821.9,11996.665,178541.28,0
30000.0,2,1,39.0,2,0,2,2,0,29480.613,29917.53,30388.264,33122.703,2000.0,2789.1357,1522.7599,1896.9089,1
500000.0,1,2,37.0,0,0,-1,-2,-2,15741.865,470.92163,3520.209,5135.0576,3501.5042,3000.0,5000.0,2062.3296,0
210000.0,2,2,40.0,2,0,0,0,0,32957.426,67471.02,260875.33,104236.96,1437.9379,6116.289,5000.0,1100.0,1
170000.0,2,2,27.0,-1,-1,-1,-1,-1,164.11508,180.46075,0.0,186075.8,6.767831,390.0,296673.1,62552.63,0
140000.0,2,2,31.0,0,0,0,0,0,25842.805,94920.766,69131.72,16669.297,0.0,2000.0,4000.0,2000.0,0
10000.0,2,2,23.0,0,0,2,0,0,38431.68,325.60974,17050.848,12357.343,2000.0,7000.135,0.0,3315.8171,0
140000.0,2,2,24.580141,0,0,0,0,0,27845.385,8291.547,20152.088,47415.47,2698.874,2238.2886,0.0,2415.0269,0
260000.0,2,2,31.0,0,0,0,0,2,173361.89,171045.97,165379.97,175868.61,7097.48,6044.988,6385.7227,7022.9263,0
20000.0,2,2,53.0,0,0,0,0,0,16578.041,17492.014,17469.285,17779.701,1464.883,1436.6274,882.71967,851.07635,0
80000.0,2,1,40.0,1,-2,-2,-2,-2,975.65955,326.25558,8904.075,1895.3452,3303.966,0.0,0.0,0.0,0
40000.0,2,1,27.0,0,0,0,0,0,28161.178,4785.7485,14259.042,11480.956,1302.6333,1102.5951,0.0,3000.0,0
30000.0,1,2,43.203922,0,0,2,2,0,29649.055,30195.406,37112.66,34599.242,1500.0,1973.528,1383.5381,0.0,0
50000.0,1,1,39.0,0,0,0,0,0,51164.168,30510.236,38394.28,28776.404,1870.6013,3000.0,795.9317,600.0,1
40000.0,2,2,30.0,-1,-1,-1,-1,0,460.13968,390.0,837.31366,499.59332,543.0525,784.243,0.0,1000.0,0
20000.0,2,2,22.0,0,0,0,0,0,18371.955,18470.645,17171.066,12503.159,1430.8113,1341.9802,400.0,624.22284,1
260000.0,2,2,25.0,-1,0,0,0,0,3123.7942,14497.039,14899.463,14859.797,5981.3657,9083.324,3000.0,1007.6716,0
300000.0,2,2,26.0,1,-1,0,0,-2,103.58421,19963.883,11498.179,0.0,1154.4442,20090.48,0.0,299.80258,0
20000.0,2,2,22.0,0,0,0,0,0,11617.125,12349.203,12045.353,9202.873,1368.072,1279.5355,307.88022,358.9961,0
120000.0,2,2,40.0,0,0,0,0,0,113637.91,113732.336,107747.43,97303.92,4500.1177,4976.6514,3200.1687,3500.0,1
410000.0,2,1,33.0,0,0,0,0,0,196313.39,155750.77,157259.28,157345.86,6721.4956,8000.0,5651.9243,9387.611,0
230000.0,1,1,29.0,0,2,0,0,0,249366.23,239260.75,227219.36,225982.86,18475.678,0.0,7000.0,10000.0,1
500000.0,2,2,44.0,-2,-2,-2,-2,-2,14279.157,7231.529,28363.486,1728.8469,10000.0,4000.0,2000.0,30121.678,0
290000.0,2,2,28.0,0,0,0,0,0,12775.796,12941.393,13206.322,10535.894,1586.0067,1485.2448,1000.0,1100.0,0
500000.0,2,2,29.0,0,0,0,0,0,7757.6714,8901.313,9889.212,11682.362,1634.3445,1500.0,2000.0,2000.0,0
360000.0,2,2,28.0,0,0,0,0,0,402331.38,374558.28,378917.25,363079.78,14232.076,15109.598,10000.0,10033.095,0
70000.0,2,1,37.0,4,0,0,0,0,26185.893,62742.145,49254.375,46855.688,0.0,2006.9948,417850.7,4797.954,0
410000.0,1,1,54.0,0,0,0,0,0,417913.5,400010.22,411859.3,414256.6,16213.112,17759.535,14005.0625,12768.615,0
20000.0,2,2,28.0,0,0,2,0,0,7488.756,10254.229,10643.245,12487.325,1500.0,2000.0,1000.0,650.9284,1
280000.0,2,1,29.0,-2,-2,-2,-2,-2,24028.709,17256.795,6916.1733,0.0,20002.672,3523.0903,0.0,2000.0,0
150000.0,1,2,25.0,-2,-2,-2,-2,-2,3228.7158,0.0,10414.639,567.6991,18460.123,4218.952,14241.158,10118.466,0
500000.0,1,1,51.0,1,-2,-2,-1,0,-69777.0,-157264.0,-147461.34,0.0,0.0,0.0,0.0,179549.39,0
150000.0,2,2,32.0,1,-1,-1,-1,-1,196.045,260.56686,0.0,0.0,0.0,363.03763,0.0,0.0,0
230000.0,2,1,40.0,1,-2,-2,0,-1,0.0,0.0,15478.386,0.0,0.0,0.0,4219.354,0.0,0
214893.25,1,2,43.0,0,0,0,0,0,158236.77,247312.2,139857.94,195482.88,11330.848,11519.967,11047.756,8565.511,0
50000.0,2,2,29.0,0,0,0,0,0,4551.722,19607.047,18969.822,26380.209,0.0,3000.0,500.0,1662.2412,0
10000.0,2,1,26.0,0,0,0,0,0,2847.4353,3345.016,4142.0205,5153.7427,1267.6558,1170.1565,533.3602,691.2469,0
30000.0,1,1,52.0,-1,-1,0,0,0,6390.5845,6823.7476,8933.531,15248.483,0.0,1141.293,0.0,1488.4233,0
200000.0,2,1,30.0,0,2,2,2,2,50723.805,65793.63,80977.34,65943.46,2709.3582,2000.0,2000.0,1600.0,0
50000.0,2,2,36.0,-1,0,-2,-1,0,3295.74,3950.8855,464.5309,38629.953,0.0,2200.0,2791.3196,1077.797,0
230000.0,1,1,67.6824,-2,-2,-2,-2,-1,0.0,1520.3773,912.08496,796.99744,0.0,1400.0,1000.0,390.0,1
200000.0,1,2,29.0,0,3,0,-2,0,68260.86,35638.824,29583.209,12511.23,0.0,5000.0,3000.0,2005.033,0
120000.0,2,2,33.0,0,0,0,0,0,30784.504,19915.105,11750.608,4650.0327,1678.5808,1300.2476,580.1116,1010.3558,0
160000.0,2,1,46.503735,1,-2,-2,-2,-2,0.0,0.0,0.0,0.0,0.0,0.0,0.0,0.0,1
230000.0,2,1,31.0,0,-1,-1,0,0,8303.771,0.0,50766.51,315.6226,5099.091,1226.4706,0.0,778.76166,0
50000.0,2,1,64.393364,0,0,0,0,0,37760.8,17939.926,17571.676,16360.871,1000.0,2299.9675,254.29565,942.4303,0
260000.0,2,1,36.0,-2,-2,-2,-2,-2,1467.8165,0.0,0.0,0.0,2000.0,0.0,0.0,0.0,0
120000.0,2,2,27.0,0,2,2,2,2,22487.842,32752.361,27220.887,29448.486,1495.3203,2500.0,1000.0,0.0,0
100000.0,2,2,25.0,-1,-1,-1,-1,2,26261.395,1411.2198,5777.8076,673.6283,4916.945,5000.0,1128.6805,917.18524,0
20000.0,2,2,23.0,0,0,2,0,0,15454.627,16105.4375,9436.88,809.03784,1548.4147,2000.0,0.0,0.0,0
120000.0,2,2,31.0,-1,0,0,0,0,591.19135,10523.49,25326.695,76624.875,2000.0,2501.9854,0.0,11.271634,0
200000.0,1,1,29.0,0,0,0,0,0,20194.125,15739.504,26760.82,12701.078,2999.6968,684.85474,1272.2579,0.0,0
180000.0,1,1,32.0,2,2,0,0,0,41436.316,39812.312,49107.355,34748.184,0.0,0.0,1556.1888,402.99866,0
210000.0,1,2,48.317753,0,0,0,0,0,193554.73,196483.17,194818.92,191616.25,8145.899,9207.813,12937.892,0.0,0
30000.0,2,2,50.0,0,2,0,0,0,24853.361,23639.646,24717.656,26896.889,3264.55,0.0,1256.4255,1089.8585,0
80000.0,2,1,35.0,0,0,0,0,0,103109.164,88276.484,176444.02,46182.695,1509.9973,3000.0,2000.0,973.9539,0
20000.0,2,2,25.0,0,0,0,0,0,14082.967,15569.892,16548.258,17371.846,1500.0,1419.9185,985.92474,1000.0,0
50000.0,2,1,55.0,0,0,0,0,0,43795.65,40935.305,34575.04,30363.822,2000.0,2000.0,1382.6265,1500.0,0
50000.0,2,1,48.0,0,0,0,0,0,58287.18,60436.58,57406.098,51812.46,2684.331,3000.0,2000.0,2008.7634,0
170000.0,2,2,27.0,2,0,0,0,0,170990.75,174967.08,167520.88,143827.89,6684.244,8437.316,4772.066,6000.0,0
461651.1,1,2,29.0,1,0,-2,-2,-2,-69777.0,-157264.0,-170000.0,-339603.0,5378.083,0.0,0.0,0.0,0
10000.0,2,1,30.0,1,0,0,0,0,3194.657,16484.537,192256.45,17830.414,2000.0,6000.0,517.98035,1000.0,0
140000.0,1,2,30.0,1,-2,-2,-2,-2,-69777.0,-157264.0,-169967.02,-339603.0,0.0,0.0,0.0,0.0,0
30000.0,2,2,22.0,0,0,0,0,0,36427.33,27435.4,13458.613,1473.9381,1765.351,1338.5647,334.4945,29117.928,0
70000.0,2,3,29.0,0,0,0,0,0,5607.535,49436.258,2000.1709,2500.578,1971.2484,5098.4854,537.35254,20046.627,0
50000.0,2,2,23.0,3,0,2,0,0,0.0,29881.713,38681.355,37285.19,1800.029,0.0,0.0,0.0,0
290000.0,2,2,26.0,1,2,0,-1,2,3750.0776,390.0,46605.984,1423.3917,8134.0796,1145.5704,0.0,0.0,0
999538.7,2,2,41.0,0,0,0,0,0,983931.0,854501.75,891087.25,365133.5,80364.73,113911.08,51969.867,65658.43,0
80000.0,1,2,32.0,0,0,0,0,0,13022.653,13154.353,5248.1177,747.26184,1290.2052,1381.9135,400.0,940.56824,0
20000.0,2,1,22.0,2,2,2,2,2,16430.928,17914.215,17720.02,16207.372,1500.0,1200.0,0.0,0.0,1
500000.0,2,2,29.0,0,0,0,0,0,47558.285,46668.426,46352.742,99290.31,3748.3,3808.5596,18563.44,6296.8677,0
20000.0,2,2,23.0,0,0,0,0,0,31356.9,12628.41,19098.568,18559.387,1786.1703,2000.0,3000.0,5853.5366,0
180000.0,2,2,39.0,0,0,0,0,0,43602.746,57134.594,70511.59,28405.957,10000.783,3888.2717,170.45987,1500.0,0
160000.0,1,1,43.0,1,-2,-2,-2,-2,390.0,0.0,9449.403,190.57776,0.0,0.0,0.0,0.0,0
290000.0,2,1,41.0,1,0,-1,-1,-1,3158.613,1090.1973,2265.3413,10203.606,780.0,2000.0,4476.9414,4284.002,0
80000.0,2,1,26.0,0,0,0,0,0,30442.662,19129.389,16578.803,34096.312,3000.0,3500.0,699.5629,6413.4355,0
200000.0,2,2,32.0,-1,-1,-1,0,-1,452.73044,1899.8768,0.0,316.0,393.54163,2000.0,330.88892,13539.422,0
500000.0,2,2,31.0,1,-2,-2,-2,-2,0.0,0.0,0.0,0.0,0.0,0.0,0.0,0.0,0
612868.4,2,2,49.0,0,0,0,0,0,956077.0,824736.2,869025.8,418913.62,36629.27,49702.14,34197.027,33700.113,0
220000.0,2,1,28.0,-1,0,0,0,-2,38201.344,49849.082,45944.527,9478.283,2000.0,17007.209,0.0,7137.632,0
160000.0,1,1,40.0,-2,-2,-1,8,-1,2866.5493,1667.5328,1722.5657,0.0,1769.4785,316.66055,3398.4255,0.0,0
110000.0,2,2,22.0,1,2,0,0,0,120744.69,107066.7,98447.43,57850.047,3451.9817,1104.7699,2000.0,0.0,0
30000.0,2,2,23.0,0,0,0,0,0,35756.2,23893.5,28050.555,19053.604,1220.4265,1700.0,0.0,336.1439,0
50000.0,2,2,22.0,2,2,2,2,2,32487.889,30435.996,30644.625,31573.135,1811.125,1404.3518,1830.1646,0.0,1
50000.0,1,1,53.0,0,2,2,2,2,21874.4,13669.075,17484.023,19388.96,3246.9639,3000.0,2000.0,2482.4275,1
450000.0,1,2,45.0,-2,-2,-2,-2,-2,-69751.086,-157091.33,-169607.58,-339430.4,0.0,0.0,0.0,0.0,0
50000.0,1,2,32.0,0,0,0,0,0,30482.383,27340.547,21853.312,20230.229,1871.3324,1565.0201,1021.2961,1096.3765,0
250000.0,2,1,39.0,-2,-1,-1,-1,0,964.7124,396.0,0.0,415.6813,1373.478,1174.3921,0.0,0.0,0
180000.0,2,2,27.0,0,0,0,0,0,20718.504,4047.879,691.7988,10265.259,2847.335,370.30536,1035.2795,800.0,0
70000.0,2,2,28.0,8,0,-1,2,-2,14918.45,1975.7328,17414.586,465.23486,11039.059,5.6483893,0.0,0.0,1
400000.0,2,1,58.521767,0,0,0,0,0,419750.75,407137.28,422884.25,431994.47,19142.137,20034.344,19876.764,25739.88,0
500000.0,2,2,30.0,0,0,0,0,0,169335.61,158245.19,149003.44,135084.11,8000.0,8693.557,8719.802,5200.9077,0
210000.0,2,2,31.0,1,-2,-2,-2,-2,0.0,0.0,0.0,0.0,0.0,0.0,0.0,0.0,0
330000.0,2,2,61.31338,0,0,0,0,0,1280.5865,67279.72,68055.0,15009.6455,1800.0,1965.1395,417.1593,963.4444,0
100000.0,2,2,31.0,-2,-2,-2,-2,2,523.3662,3589.053,1905.667,393.47122,0.0,4103.575,0.0,202.26434,0
964192.9,1,1,50.0,-1,-1,-1,-1,-1,120130.89,135206.52,256643.06,57855.754,252516.78,661744.75,100267.8,190990.69,0
260000.0,1,1,53.0,-1,-1,-1,-1,-2,71461.1,562999.9,0.0,0.0,101913.29,1224425.8,0.0,30394.664,0
20000.0,2,1,50.0,0,0,0,0,2,21806.08,24523.902,24929.055,28759.479,1663.9485,1500.0,1645.4536,0.0,0
30000.0,1,1,52.0,2,2,2,2,2,24898.305,23292.166,23733.145,10771.211,2000.0,1268.4697,0.0,0.0,1
380000.0,1,1,40.0,0,0,0,0,0,428629.66,381328.25,364559.97,339817.8,14806.787,12102.77,7780.141,9616.206,0
150000.0,2,2,25.0,0,0,0,0,0,0.0,32410.348,73273.07,18753.553,1966.0884,0.0,6557.601,1698.5201,0
10000.0,2,2,22.229826,0,0,0,0,0,1612.7947,1748.3912,1498.2489,222236.1,1258.443,1100.0,343370.0,0.0,0
180000.0,1,2,34.0,0,0,0,0,0,140651.56,132552.05,41076.523,39671.75,4500.0,5913.786,35348.6,900.0,1
356583.7,1,1,30.0,-1,-1,0,0,0,0.0,35801.72,15865.313,1523.7854,0.0,30053.584,0.0,10000.995,1
30000.0,2,2,26.0,-1,2,2,0,0,38956.047,21062.11,78235.125,33003.4,3007.9663,2043.7178,1000.0,3437.8323,0
911167.56,2,2,44.0,-2,-2,-2,-2,-2,481.24664,395.97437,343.0994,475.2569,292.0582,390.0,719.7601,277.62915,0
110000.0,1,3,33.0,2,0,2,-1,0,87377.14,45284.22,4148.2847,18838.164,104806.09,1800.0,0.0,0.0,0
140000.0,2,2,47.0,-1,-2,-2,-1,-1,286.1326,0.0,0.0,501.98578,0.0,0.0,896.7463,1000.0,0
200000.0,2,2,22.0,0,0,0,0,0,184959.7,185462.73,172363.28,156015.69,7498.9565,7215.767,7000.0,6000.0,0
30000.0,1,1,58.663063,0,0,0,2,0,4971.255,6469.634,27154.021,12578.076,2125.2358,1000.0,2.7587948,1795.1218,0
999552.5,2,1,51.0,-2,-2,-2,-2,-2,-3.5836837,0.0,0.0,961664.0,307.2528,0.0,410637.84,193108.69,0
140000.0,2,1,43.0,0,0,0,0,0,122066.87,120639.97,118564.85,107839.8,5000.0,7054.551,2639.1348,5152.062,0
390000.0,2,2,30.0,3,0,-1,0,0,44736.61,14634.018,0.0,12611.345,11000.0,8531.179,7800.2495,0.0,0
150000.0,2,1,43.0,-1,-2,-2,-2,-2,0.0,0.0,0.0,0.0,0.0,0.0,0.0,0.0,1
20000.0,2,1,24.0,1,2,2,0,0,17083.336,16220.887,16129.645,20006.352,0.0,0.0,958.0606,1000.0,0
120000.0,1,1,40.0,0,2,0,0,0,1448.2052,22910.375,63737.836,22683.307,0.0,2234.5432,3000.0,0.0,0
260000.0,1,2,28.0,1,-2,-1,0,0,-53056.406,-4224.3525,596534.44,884313.44,0.0,0.0,99365.11,5914.624,0
110000.0,2,2,29.0,2,-1,-1,-1,-1,10027.748,902.8332,475.4582,1076.3317,3995.5535,1542.2198,5293.0303,2003.6241,0
60000.0,2,2,24.0,2,-2,-1,0,0,-17.480711,-49034.875,168447.83,-353.6988,8000.0,6500.0,0.0,1932.6642,1
10000.0,1,1,51.827652,0,0,0,0,0,4171.0444,4872.5825,6076.959,6770.934,1234.8739,1200.0,390.0,510.59106,0
20000.0,2,2,22.0,1,2,0,0,0,10718.904,9886.182,11316.269,9419.21,1315.5078,0.0,735.1213,0.0,1
420000.0,1,2,30.0,2,-2,-1,-1,0,1428.9731,-1490.0865,1099.3033,26371.746,12452.84,0.0,10000.0,329.17822,0
130000.0,1,2,40.0,0,0,0,0,0,50302.723,48179.207,28001.355,23955.076,2000.0,1634.0244,1483.872,1561.3497,0
30000.0,1,2,26.024967,2,0,0,0,2,19367.363,20955.875,22094.643,26344.43,1600.0,1500.0,0.0,1501.0302,1
10000.0,1,2,23.0,0,0,0,0,0,4153.0347,4715.462,5987.893,8192.075,1316.21,1233.0476,1000.0,1000.0,0
70000.0,2,2,26.0,0,0,0,0,0,58823.082,57907.082,53345.227,49471.617,2521.1196,2308.2166,1919.7476,2000.0,0
50000.0,2,2,26.0,0,0,0,0,0,4974.8096,390.0,7821.9126,2714.459,0.0,3000.0,986.77637,1906.8246,0
571015.56,2,1,51.0,0,0,0,0,0,907311.4,812167.94,812925.8,912791.2,51850.273,110110.99,178765.89,443345.4,0
200000.0,2,1,33.0,0,0,2,-1,0,4844.6055,90526.32,-17.93818,94951.34,5894.556,7102.513,868.27936,1200.0,0
230000.0,2,2,28.82996,-1,-2,-2,-1,2,415.45694,1480.3928,0.0,3502.0093,249.31654,1133.1254,0.0,897.4234,0
30000.0,2,1,26.0,0,2,0,0,0,14886.43,7707.1733,5590.214,390.0,3758.619,0.0,0.0,0.0,1
322745.34,2,2,27.0,0,0,0,0,0,345237.9,321745.34,316483.88,288902.1,13040.033,13271.961,10000.0,10000.0,0
50000.0,2,2,22.0,0,0,0,0,0,50398.117,54493.996,52342.273,54763.08,5000.0,7241.2886,9449.811,3315.0671,0
521779.06,1,2,32.0,-2,-2,-2,-2,-2,0.0,0.0,-491.2727,-339603.0,1000.0,396.0,0.0,0.0,0
290000.0,2,2,30.0,2,2,2,0,2,119725.6,10271.398,115173.86,108556.695,12002.474,2100.0,2357.6494,1000.0,0
50000.0,2,1,33.0,0,0,0,0,0,50126.184,27507.684,31622.732,29363.77,2000.0,1594.9557,1802.9603,1880.7195,0
80000.0,1,2,26.0,0,0,0,0,0,48183.156,42753.42,36363.637,34826.914,2617.3389,2399.8425,1801.4355,3000.0,0
120000.0,1,2,41.0,0,0,-1,0,0,48881.094,63412.68,26386.139,48906.164,9034.399,3057.1824,86939.78,0.0,0
130000.0,2,2,26.0,0,-1,-1,-1,-1,166772.08,64169.613,595.7243,98762.625,169659.88,70759.31,117325.29,9590.964,0
300000.0,1,1,45.0,0,0,0,0,0,63350.65,68598.69,71438.49,71296.516,3002.201,3000.0,2138.186,3000.0,0
260000.0,2,1,27.0,1,0,0,0,0,130241.0,47916.098,135927.19,25404.873,71247.82,2073.2717,2514.936,5954.4243,0
40000.0,2,2,23.0,0,0,0,0,0,34678.293,19789.025,6595.0107,4677.45,1700.0,1003.9303,0.0,0.0,0
634175.9,2,1,54.0,0,0,0,0,0,950818.9,822002.56,874535.9,413170.2,36962.273,46655.27,42459.668,40531.516,0
50000.0,2,2,26.0,-1,0,0,0,2,31726.076,7496.4653,291.69913,10281.607,5631.445,3008.5374,0.0,1998.4172,0
50000.0,2,1,52.0,0,2,0,0,0,48827.195,48114.543,48756.566,47231.168,4500.0,0.0,2239.4873,0.0,1
130000.0,2,2,45.0,0,0,0,0,0,18626.049,20534.955,21969.951,15529.073,2381.2515,477.87537,1159.3899,2000.0,0
50000.0,2,2,50.016907,1,0,0,0,0,2630.19,11881.243,8644.324,26491.59,0.0,1700.0,5000.0,1684.143,0
140000.0,2,1,34.0,-1,0,0,0,0,1220.7153,9093.823,10052.235,2400.5566,1356.7665,1354.4767,1000.0,0.0,0
360000.0,2,1,50.0,2,-1,-2,-1,-2,0.0,0.0,0.0,0.0,11.446771,0.0,0.0,0.0,0
20000.0,2,1,58.0,2,2,2,2,2,18849.541,20057.844,20303.525,15720.941,0.0,2243.2263,0.0,0.0,0
30000.0,1,2,38.0,8,-2,-2,-2,-2,26766.943,183.10493,141.37027,3963.3516,1601.8121,423.36322,2000.0,6000.0,1
20000.0,2,2,52.0,1,2,0,0,0,2829.9233,2012.2972,2705.8125,4235.005,1346.4412,0.0,878.686,1000.0,0
50000.0,2,1,24.0,0,0,0,0,0,45152.965,138910.19,50168.65,98606.516,1756.9595,3916.2974,2000.0,2109.6328,0
10000.0,2,1,50.0,0,0,0,0,-1,1841.3866,390.0,1743.7971,4025.8625,1352.2812,0.0,4500.0,0.0,1
10000.0,1,1,36.0,1,-2,-2,-2,-2,-69777.0,-157264.0,-170000.0,-339603.0,0.0,0.0,0.0,0.0,0
20000.0,2,2,22.0,0,-1,0,0,0,5245.511,1212.7125,411.92477,926.9901,1827.9381,1000.0,0.0,174.75053,1
80000.0,1,1,41.0,-1,-1,-1,-1,2,582.5345,229.88785,0.0,127.79636,5.9620423,222.11937,0.0,600.0,0
500000.0,2,1,49.0,-2,-2,-2,-2,-2,-8.784313,0.0,-15.916724,258915.38,180.9519,780.0,385823.12,152569.92,0
20000.0,2,2,22.0,0,0,0,0,0,20018.07,20417.78,19842.38,19936.139,1570.1232,1500.0,1116.3112,1000.0,0
400000.0,2,2,40.0,0,0,0,0,0,85037.03,44919.93,18645.762,146017.53,4000.0,0.0,103440.766,0.0,0
70000.0,2,2,46.0,-1,2,2,0,0,18542.76,29403.217,40156.938,55957.215,0.0,4000.0,0.0,6531.832,1
360000.0,2,1,33.0,-1,-1,-1,0,-2,22824.494,828.4164,2998.3098,0.0,21872.709,1441.83,0.0,0.0,0
170000.0,1,1,34.0,1,0,-1,-1,-1,155.24347,629.18396,258.16586,12.100315,0.0,62.018875,1000.0,0.0,0
30000.0,2,1,58.0,0,-2,-2,-2,-2,1144.6962,0.0,0.0,0.0,0.0,0.0,0.0,0.0,0
80000.0,2,1,30.0,0,0,0,0,0,49554.527,47408.63,46302.44,51644.688,5474.3213,3000.0,10000.0,5694.2397,1
100000.0,2,2,39.0,0,0,0,0,0,31127.912,53294.324,49750.914,39392.977,1616.027,1853.7372,7945.272,1800.0,0
150000.0,2,2,32.0,0,0,0,0,0,140229.9,334663.84,101150.2,191053.66,5732.5625,6000.0,10000.0,5000.633,0
70000.0,1,2,34.0,0,2,2,0,0,9104.528,4121.4463,10913.817,20458.025,2000.0,0.0,0.0,1110.6428,0
270000.0,2,2,31.0,0,0,0,0,0,38895.887,44306.383,22867.922,34853.027,6053.4946,977.3429,1703.336,2734.412,1
20000.0,2,1,35.0,1,-2,-1,2,2,0.0,0.0,2905.1765,2078.6162,0.0,0.0,149.73903,1261.5386,1
440000.0,2,2,33.0,2,-1,-2,0,-2,2398.4236,103245.83,111704.086,390.0,38981.477,5000.0,0.0,0.0,0
10000.0,1,1,65.1073,0,0,0,0,0,6552.606,7593.937,8655.803,9013.786,1314.753,1246.3289,700.8259,0.0,0
140000.0,2,2,23.0,0,0,0,0,0,92357.81,94841.52,92231.1,87948.15,4000.0,4000.0,2997.3916,3000.0,0
80000.0,2,1,38.0,0,0,0,0,0,51728.418,56079.355,54783.984,49585.984,2882.0295,4000.0,5000.0,1709.8113,0
200000.0,2,1,44.0,0,0,0,0,0,132520.67,135497.95,136659.72,136236.05,5321.3066,5955.0635,7001.898,6973.678,0
30000.0,1,2,28.0,0,0,0,0,0,20851.875,22264.723,21519.848,19940.703,3000.0,7978.975,1707.1155,10035.203,0
310000.0,2,1,31.0,0,0,0,0,0,125170.56,102593.734,90065.97,67794.09,5503.676,4052.879,3500.0,2498.3274,0
135168.39,2,2,23.0,0,0,0,0,0,12826.2705,3041.48,141134.34,5528.2563,3775.0642,1740.2413,173.689,5066.523,0
20000.0,2,1,28.0,0,0,0,0,0,175.18243,10014.314,28877.984,10963.62,196.61264,1454.6704,3198.1648,1166.9565,0
50000.0,2,2,31.0,0,0,0,0,2,1987.9465,96178.336,86004.12,84269.055,3084.296,2299.1548,0.0,2836.6733,0
30000.0,2,1,23.0,0,0,0,0,0,44018.44,12029.309,16528.027,20246.367,0.0,0.0,0.0,1800.0,1
310000.0,1,1,46.0,0,0,0,0,0,25767.994,71683.64,32210.598,17989.848,430.92688,2447.6272,2297.52,1400.0,0
10000.0,2,2,23.0,0,0,0,0,0,2610.7297,2610.3442,2997.7637,827.3739,1131.9719,1171.1158,0.0,611.1549,1
490000.0,2,1,30.0,0,0,0,0,0,503567.1,476691.66,658924.9,753662.25,20001.209,21542.523,15001.105,19979.035,0
70000.0,1,2,32.0,0,0,0,0,0,8069.121,22117.406,18653.947,3008.3362,1361.3315,179.62135,0.0,1401.8689,0
160000.0,2,2,34.0,0,-2,2,0,0,28293.418,26134.074,165283.17,15749.412,0.0,6000.0,51285.26,2000.0,0
20000.0,2,2,23.0,0,0,0,0,0,20400.633,20629.107,19543.889,18351.375,1513.0029,1554.7742,783.3346,681.58325,0
20000.0,1,2,27.0,0,0,0,0,0,19134.455,19708.27,19598.586,18898.223,1547.869,1500.0,594.72,757.1104,0
120000.0,1,2,31.0,-1,-1,1,-1,-1,1933.5441,15881.236,0.0,0.0,3600.0,4473.9937,0.0,16903.871,0
20000.0,2,1,25.0,0,0,0,0,0,3572.1877,36815.215,22099.254,13228.948,1500.0,106981.49,1000.0,911.9415,0
120000.0,2,1,28.0,0,0,2,2,-2,1274.835,7140.2827,14292.37,16544.738,2500.0,1500.0303,5173.634,1271.885,0
40000.0,2,1,39.0,-1,0,0,0,0,16803.084,50794.84,17925.434,27846.014,2500.0,1365.0386,3197.344,0.0,0
80000.0,2,2,22.0,0,0,0,0,0,67863.16,67994.94,64577.348,55435.016,2500.0,2889.7913,2200.2495,2000.0,0
310000.0,2,1,33.0,-2,-2,-2,-2,-2,6843.43,26443.023,1235.0461,765.93207,2000.0,3000.0,0.0,11681.426,0
320000.0,1,1,46.0,-1,-1,-1,0,0,0.0,810.05206,11356.397,39767.793,1033.2513,390.0,0.0,10860.933,0
250000.0,2,2,29.0,-1,-2,-2,-1,0,0.0,-8.76756,0.0,49466.004,0.0,0.0,7282.497,309002.75,0
100000.0,2,1,31.0,2,0,0,0,-1,28525.031,11810.223,120932.25,0.0,1103.5956,0.0,6205.464,400.0,0
360000.0,2,2,39.0,0,0,0,0,0,256988.22,118671.61,193863.17,188577.3,10486.462,10042.09,7156.1797,2866.0747,0
50000.0,1,2,43.0,0,0,-1,-1,0,5460.939,123547.305,-0.6727747,31735.715,1078.2262,0.0,1657.2645,0.0,1
50000.0,2,2,26.0,0,0,0,0,0,46534.09,43648.453,38844.41,35451.797,2000.0,2000.0,1319.4883,1580.2131,0
190000.0,2,1,34.0,2,0,0,-1,0,20253.965,38347.453,0.0,23395.734,7000.0,2000.0,2703.4802,0.0,1
664713.5,1,1,58.074078,-1,-1,-1,-1,-1,99015.5,383841.7,-901.5514,17512.98,90067.67,1013207.0,20000.0,3291.1677,0
50000.0,2,1,45.0,0,0,0,0,0,13551.715,11150.224,9530.901,7970.9697,1500.0,1299.8453,1074.3893,0.0,0
30000.0,2,1,44.0,0,0,0,0,0,35938.05,43338.76,29906.32,34329.11,3181.4895,1715.4441,1100.0,1473.5195,1
290000.0,2,3,34.0,-1,0,0,0,3,82554.5,-30.656826,6567.7817,7111.2554,3347.2244,6038.4893,325.88104,8701.271,0
50000.0,2,1,42.0,0,0,0,0,-1,4252.613,11219.17,23803.844,19008.146,0.0,3200.0,172382.48,900.0,1
220000.0,2,1,53.0,-1,0,-1,0,-2,1272.951,2365.611,780.2649,0.0,0.0,377.90704,0.0,0.0,0
500000.0,1,1,33.0,0,0,0,0,0,10533.32,15058.187,12460.033,4907.014,7243.4224,10011.485,2000.0,3141.608,0
100000.0,2,1,31.0,-1,-1,-1,-1,-1,3189.88,20911.506,9476.677,780.0,3346.896,27818.488,2000.0,2000.0,0
390000.0,2,2,24.0,-2,3,-1,0,0,0.0,45885.605,151.22098,2936.4895,0.0,0.0,0.0,0.0,0
360000.0,2,1,37.0,-1,-1,-1,-1,-1,390.0,390.0,0.0,326.0,222.08308,503.75092,380.26923,596.5213,0
80000.0,2,2,28.0,1,-2,-2,-2,-2,-69777.0,-157264.0,-170000.0,-339603.0,0.0,0.0,0.0,0.0,0
80000.0,2,2,29.0,1,0,0,0,0,15668.167,10597.881,17071.506,28245.26,4922.493,15877.033,5096.5293,0.0,0
80000.0,1,2,25.0,0,0,0,0,0,29546.33,12161.912,138940.39,61633.805,1723.9362,0.0,1000.0,975.29663,0
90000.0,2,1,59.0,4,3,-2,0,0,32816.477,49677.95,82439.79,7733.321,4130.2524,0.0,1850.3127,964.8693,0
101076.086,1,1,55.0,-1,0,-1,-1,-1,32751.998,30557.334,316.0,3090.8647,2500.0,1347.7333,508.33173,2156.986,0
1000000.0,2,1,68.2392,0,0,0,0,0,983931.0,855086.0,891586.0,961610.4,219133.47,946342.3,30009.574,93684.55,0
150000.0,1,2,25.0,2,0,0,0,-1,15719.402,8424.165,173281.9,16740.85,1800.0,2500.0,0.0,872.2345,0
30000.0,2,2,22.0,0,0,0,0,0,27435.379,26975.305,25729.006,25339.898,1699.9229,1600.0,1112.8494,1200.0,0
498172.53,1,1,61.0,1,2,-1,-1,0,0.0,29908.725,18777.627,53372.5,609268.56,3245.196,10000.0,3000.0,0
500000.0,1,2,32.0,-1,-1,-1,-1,-1,2917.8123,9727.639,4238.255,8720.932,3104.1685,10000.0,9546.164,2000.0,0
180000.0,2,1,27.0,0,0,0,0,0,88120.18,92887.1,48740.465,94089.11,891.9576,2161.2773,2500.0,1193.2738,0
300000.0,1,1,48.0,1,-1,-1,0,0,0.0,-162.93077,129792.61,51127.594,316.0,0.0,2000.0,1757.2169,0
50000.0,2,2,24.0,0,0,0,0,0,17441.041,48150.926,70912.03,23964.938,2000.0,2625.741,3008.1035,1430.4803,0
222113.92,2,2,28.0,0,0,0,0,0,209768.06,212677.56,201935.28,200119.66,8842.775,9143.533,7359.4106,10086.554,0
130000.0,2,1,40.0,0,0,0,0,0,129886.54,126671.234,118227.4,102761.71,5000.0,5302.7764,3149.0415,3884.8118,0
50000.0,2,1,28.0,0,0,0,0,0,52472.832,51338.242,49958.707,49878.145,2500.0,2012.2222,2300.0,2039.0779,0
230000.0,2,2,31.0,0,0,0,0,0,73814.5,77756.78,76339.45,73826.336,3998.8518,2165.792,2373.1284,5000.0,0
1000000.0,1,2,55.0,0,0,0,0,0,983931.0,855086.0,891586.0,961664.0,574641.44,944679.0,101791.67,77405.79,0
500000.0,2,1,36.0,0,0,0,0,0,871742.5,741761.9,793659.0,664765.7,25719.916,30983.441,15549.781,20067.49,0
100000.0,1,1,54.0,-1,0,0,-1,-1,1489.7618,1915.9071,1706.4088,1970.0781,1200.0,1040.1376,1517.0109,1391.8907,1
998122.2,2,1,49.0,0,0,0,0,0,982071.1,848554.75,886955.06,341206.56,51414.145,53771.45,40298.797,113219.375,0
100000.0,2,2,28.0,0,0,0,0,0,54992.04,61492.01,51828.137,45599.023,3000.0,7722.9785,1596.6342,2180.3452,0
240000.0,1,1,43.0,1,0,0,-2,0,3526.1965,12071.458,27376.375,8936.285,3089.2278,2285.212,1000.0,2982.0583,0
50000.0,2,1,46.0,0,2,0,0,0,49683.145,49383.64,49312.31,48967.785,3500.0,770.60205,2000.0,2211.0286,0
500000.0,2,2,33.0,-1,0,0,0,0,30468.291,26715.592,22651.7,52712.285,35691.43,12116.858,42323.402,42431.473,0
1000000.0,2,1,60.523052,0,0,0,0,0,983931.0,855086.0,891523.6,708224.0,134898.45,176144.22,50448.54,54398.797,0
30000.0,2,1,22.0,1,-1,-1,-1,-1,739.8377,32313.896,2456.235,19143.824,1204.2814,48699.996,23401.385,5004.3066,0
180000.0,1,1,54.0,-1,-1,-2,-2,-2,0.0,0.0,0.0,0.0,0.0,0.0,0.0,0.0,0
170000.0,2,2,31.0,-1,-1,-1,-2,-2,0.0,325.18454,0.0,0.0,1800.0,0.0,0.0,0.0,0
500000.0,1,2,29.0,-1,-2,-2,-2,-2,-69777.0,-157264.0,-170000.0,-339603.0,2477.386,0.0,0.0,0.0,0
500000.0,2,1,37.0,0,-1,-2,0,2,42321.66,38853.727,113772.16,8675.077,7947.7925,4000.0,0.0,5000.0,0
30000.0,2,2,50.0,0,0,0,0,0,2552.8555,17908.166,115211.02,35134.258,2423.1484,470.91946,0.0,1200.0,0
50000.0,2,2,28.0,0,0,0,0,0,52260.273,51268.39,49408.895,45599.52,2459.4648,2302.115,1600.0,1722.3162,0
100000.0,2,2,23.0,0,0,0,0,0,98313.26,98617.86,92580.82,82161.086,4302.036,4247.1953,2370.246,5000.0,0
519024.06,2,1,33.0,0,0,0,0,0,827383.8,713955.4,810164.0,633538.56,26221.615,31979.877,17961.84,15718.192,0
300000.0,2,2,26.0,0,0,0,0,0,5679.5815,6286.804,7108.739,1726.4957,1320.6725,1276.517,0.0,800.0,0
110000.0,2,2,32.0,6,4,5,2,0,253084.08,160594.95,73841.055,127002.516,0.0,0.0,0.0,0.0,1
489964.72,2,1,42.0,-1,0,0,0,0,196929.34,773338.3,822103.9,917574.8,175355.23,1212752.6,83462.15,87443.99,0
180000.0,1,2,29.0,-2,-2,-2,-2,-2,0.0,0.0,0.0,0.0,0.0,0.0,0.0,0.0,0
110000.0,2,1,55.0,0,0,0,0,0,12788.835,40272.703,36604.18,19349.896,12955.77,4000.0,2000.0,3000.0,0
500000.0,1,2,30.0,0,0,0,0,0,18393.426,17605.846,18316.842,18991.576,2315.967,2922.4036,21958.363,12534.243,0
100000.0,2,2,27.0,0,0,0,0,0,88820.46,91038.86,94148.78,97207.02,4000.0,4000.0,7965.7046,4548.398,0
180000.0,2,1,43.0,1,-1,0,0,2,8876.11,73645.09,390.60333,3589.877,2500.0,2099.3572,39899.246,0.0,0
10000.0,1,2,22.0,0,0,0,-2,-2,2569.6265,0.0,0.0,0.0,1001.4381,0.0,0.0,0.0,0
500000.0,1,2,32.0,0,-2,-2,-2,-2,-69777.0,-157264.0,-169979.92,-339603.0,0.0,0.0,0.0,0.0,0
657432.0,1,1,55.0,0,0,0,0,0,960231.9,826227.1,878389.94,382657.28,35304.8,42628.047,27950.754,30305.191,0
360000.0,2,2,29.0,0,2,-1,-1,-1,3967.629,14343.369,4666.379,10648.677,8472.402,10685.533,2904.0256,648.8685,0
170000.0,1,1,40.0,0,0,0,0,0,142030.27,144506.61,143144.11,134573.22,6217.487,5909.0415,5093.888,5000.0,0
120000.0,1,2,31.0,-2,-2,-2,-2,-2,1352.9205,1491.4548,780.4214,14175.585,1249.1627,2000.0,19296.557,1432.5363,0
901645.25,1,2,40.0,0,0,0,0,0,977741.7,838716.3,883402.44,414271.0,56998.88,43951.52,58711.723,63030.15,1
200000.0,2,2,29.0,0,-1,-1,-1,-1,20632.86,1370.3546,0.0,386.9929,1365.4534,301.8661,863.70905,0.0,0
200000.0,1,2,30.0,1,0,0,0,0,17278.61,18972.162,10636.119,390.0,3448.5796,0.0,2000.0,0.0,0
50000.0,2,2,32.0,0,0,0,0,0,54883.91,57280.027,54296.742,49138.72,3000.0,3701.3372,2000.0,2000.0,0
140000.0,2,2,28.0,0,0,0,0,0,71388.02,70670.055,66953.67,54476.707,3034.4233,3113.5947,2008.3333,0.0,0
230000.0,2,2,46.0,0,0,0,0,0,13312.082,17707.799,21814.781,15829.524,11476.254,2099.839,3000.0,2781.2188,0
50000.0,2,1,26.0,0,0,0,0,0,20739.623,12895.341,49160.246,19451.549,31937.906,2105.446,1000.0,2000.0,0
90000.0,2,1,37.0,-2,-2,-2,-2,-2,0.0,0.0,0.0,0.0,0.0,0.0,0.0,0.0,1
60000.0,2,1,49.0,1,-2,-2,-2,-2,0.0,0.0,0.0,0.0,0.0,0.0,0.0,0.0,1
200000.0,1,1,43.0,0,0,0,0,0,155514.9,194503.22,154230.6,169184.28,6000.0,5500.0,4522.567,4642.094,0
150000.0,2,1,24.0,0,0,0,2,2,138689.72,141346.78,144236.67,152105.67,5861.7085,6821.883,7000.0,0.0,0
440000.0,2,1,58.0,-2,-2,-2,-2,-2,48748.625,371327.06,-166187.64,-289420.94,139969.25,1219394.4,0.0,0.0,0
20000.0,1,2,22.0,0,0,0,0,0,9774.694,10269.921,10510.842,9821.417,1318.7101,1286.2106,413.9943,596.4174,0
50000.0,2,2,22.0,0,2,0,0,0,48916.312,48067.645,47207.88,42356.973,5000.0,0.0,1724.3165,1811.4122,1
500000.0,1,2,53.0,0,0,0,0,0,524377.9,538726.75,705727.8,711863.94,20179.275,29591.06,21118.076,29867.635,0
360000.0,2,2,26.0,0,0,0,0,0,52984.44,48602.06,37760.46,1833.9048,3180.7166,2774.821,0.0,1000.0,0
80000.0,1,2,42.0,0,0,0,0,0,24289.299,29484.105,13697.875,11691.299,1833.7722,1700.0,390.0,400.0,0
30000.0,2,2,27.0,0,0,0,0,0,12130.403,12561.813,12173.427,11652.278,1638.6348,1479.1106,1324.5713,0.0,0
340000.0,1,2,29.0,-1,-1,-1,-1,-1,326.9628,390.0,0.0,12239.307,54.37447,656.4985,11500.422,1006.8113,0
10000.0,1,2,77.70026,-1,-1,-1,-1,0,752.5695,326.74722,1134.3011,252851.31,1500.0,570.9445,140658.36,3257.6077,0
50000.0,1,2,29.0,0,0,0,0,8,5799.215,21432.814,60025.637,29795.06,5957.2803,1846.1146,0.0,10.565225,0
60000.0,2,1,27.0,-1,-1,-1,-1,0,413.65768,0.0,390.0,1372.6157,395.93088,0.0,341.76785,792.4451,0
100000.0,2,2,40.0,0,0,0,0,0,30855.996,2498.8804,11233.168,0.0,3269.8745,5009.7637,400.0,2000.0,0
50000.0,1,2,31.0,0,0,0,0,0,40940.125,34851.03,27241.725,13173.99,1941.3385,1286.0913,1000.0,4000.0,0
507763.4,2,1,50.03563,-1,-1,-1,-1,-1,159578.16,295093.06,29697.182,135201.16,203763.88,1131540.0,184884.44,390321.1,0
50000.0,2,2,24.0,0,0,0,0,0,47023.746,42817.367,33343.664,29707.432,2004.5043,1896.6133,1000.0,1300.8278,1
500000.0,1,2,41.0,-2,-2,-2,-2,-2,-69777.0,-157232.16,-169544.23,-303778.06,0.0,1449.3785,700.0,0.0,0
50000.0,2,1,37.0,0,0,0,0,2,40752.133,27870.436,39740.875,47217.473,3000.0,0.0,0.0,2132.2688,0
50000.0,1,1,29.0,0,0,0,0,0,48229.195,47142.633,43967.387,40587.21,2003.0435,2000.0,1519.911,1682.069,0
280000.0,2,1,51.0,-2,-2,-2,-2,-2,22706.707,300872.53,0.0,15547.425,18398.412,915658.94,16984.818,14139.61,0
360000.0,1,2,31.0,-2,-2,-2,-2,-2,-69777.0,-157229.89,-169876.53,-339603.0,0.0,0.0,0.0,0.0,0
10000.0,1,2,23.0,0,0,0,0,0,11619.452,8111.735,5931.357,10143.842,2305.7542,1700.0,779.83105,653.4928,0
160000.0,1,1,33.0,0,0,0,0,0,150980.64,197238.47,191408.22,127144.945,8000.0,10219.56,3104.5618,9007.247,0
70000.0,2,2,51.0,-2,-2,-2,-2,-2,9412.786,7282.685,3584.5454,3587.3535,6438.1084,7069.649,2445.767,1500.0,0
280000.0,2,1,45.0,0,-1,0,0,0,111147.44,70260.06,169178.11,48421.23,333529.47,8022.6904,1000.0,2995.8752,0
10000.0,1,1,56.772842,0,-2,-2,-1,-2,-69777.0,-157264.0,-169968.67,-339526.4,0.0,0.0,0.0,0.0,1
30000.0,2,1,24.0,0,0,0,0,0,7422.0366,9798.626,9143.949,5811.5396,1403.002,2399.5752,628.8395,652.3916,0
120000.0,2,1,28.0,0,0,0,0,2,19147.863,412.76483,9392.967,0.0,1337.0035,8000.0,0.0,1701.6832,0
1000000.0,1,2,53.0,0,0,0,0,0,983931.0,855086.0,891540.44,821545.06,147903.52,170664.58,45382.395,50729.49,0
140000.0,2,1,44.0,0,0,0,0,0,19944.416,16688.76,25098.01,14042.459,4775.5166,10000.0,2000.0,9082.931,0
150000.0,2,1,61.0,1,2,2,2,0,45313.17,94219.73,89085.68,64215.76,0.0,2523.4773,5029.7944,1600.0,1
20000.0,2,2,28.0,0,0,0,0,2,9361.67,12613.503,13833.136,2988.8694,1500.0,1827.5951,275.96777,0.0,1
240000.0,2,2,52.0,0,0,0,0,0,238682.31,237754.05,227635.06,218058.27,10000.0,10006.099,7074.7334,7950.866,0
30000.0,1,1,43.0,0,0,0,2,0,23038.502,24360.535,27065.084,26837.768,1604.201,1626.5964,1095.1873,1300.1038,0
150000.0,1,1,44.0,0,0,0,-2,-2,181570.95,138620.05,0.0,0.0,6500.904,6049.7144,0.0,0.0,0
90000.0,2,2,25.0,-1,0,0,0,0,98813.23,124153.805,57848.906,47813.605,3751.7927,6610.1787,2000.0,2200.0,0
310000.0,1,2,29.0,0,0,0,0,0,95653.39,9730.633,89223.32,14909.637,2210.11,1200.0,2535.8462,1110.0415,0
20000.0,2,2,22.0,0,0,0,0,0,16036.906,15358.303,12218.59,5571.373,1227.9838,1295.267,1100.0,413224.84,0
80000.0,2,1,29.0,0,0,0,0,0,3571.6636,11498.098,15443.288,48880.03,2000.0,3550.2327,172.91972,0.0,0
220000.0,2,1,35.0,1,0,0,0,0,50485.6,100569.32,69826.2,257974.75,2485.2415,5000.0,0.0,6181.1724,0
330000.0,2,2,30.0,-2,-2,-2,-2,-2,32429.19,15047.016,0.0,0.0,38882.1,16557.379,0.0,0.0,0
20000.0,2,1,49.0,0,0,0,0,0,34908.17,33493.266,29875.326,20339.01,2200.0,2195.4807,1000.0,0.0,0
20000.0,2,2,24.667467,0,0,0,0,0,14558.26,7461.669,13388.8545,6153.0107,5000.0,1483.2399,2463.5183,0.0,0
230000.0,1,1,38.0,0,0,-1,0,2,563.18396,3715.5237,15833.439,7032.1304,0.0,0.0,0.0,381.32767,0
140000.0,2,2,26.0,0,0,0,0,0,90375.98,80821.21,84626.78,75729.7,2761.3596,4485.22,3347.4714,5000.0,0
340000.0,2,2,30.0,-2,-2,-2,-2,-2,2077.3154,7310.734,8229.941,10481.812,2200.0,7646.894,11435.12,7000.0,0
968143.44,1,2,39.0,-1,7,-1,0,0,-69727.48,-25.143795,536224.25,417972.06,0.0,1016.1431,14060.696,24076.898,0
50000.0,2,1,27.0,0,0,0,0,0,37904.074,37894.625,38060.977,34490.445,2000.0,1772.8889,2000.0,0.0,0
500000.0,2,2,27.0,0,0,0,0,0,195828.31,100670.055,119211.83,146346.55,6500.0,5000.0,6573.0303,19833.877,0
290000.0,2,2,26.0,0,0,0,0,0,298414.12,284189.72,266231.2,226081.0,11001.534,11000.0,9000.0,6053.3535,1
50000.0,1,1,34.0,0,0,0,0,-1,45229.03,40440.363,136194.7,29610.607,1800.0,1401.1298,0.0,0.0,1
50000.0,1,1,40.0,1,0,0,7,0,59436.473,28400.979,18249.162,79072.23,0.0,1496.9481,2000.0,299.8568,0
210000.0,1,2,35.0,-1,0,0,0,0,20184.111,99109.95,37037.33,37147.77,5003.848,2238.2034,1880.353,7000.0,0
80000.0,2,2,36.0,2,0,0,0,0,54066.37,28870.84,42921.434,31176.926,0.0,3000.0,5000.0,117.64138,0
90000.0,2,2,25.0,0,0,0,0,0,44407.465,32592.88,35626.336,29525.057,2000.0,1500.0,0.0,0.0,0
876807.7,2,2,33.0,0,0,0,0,0,227770.52,239690.08,249519.12,248276.86,10021.105,11009.968,11768.732,8811.595,0
30000.0,2,1,51.0,0,0,0,0,0,34695.812,34244.125,32208.15,30731.271,1800.0,1891.1687,1430.7965,1295.4912,1
290000.0,2,1,37.0,-1,-2,-1,0,-1,0.0,514.9837,1291.0499,0.0,0.0,0.0,0.0,1000.0,0
400000.0,2,2,29.0,0,0,0,0,0,18151.83,18043.273,18630.709,24539.363,4026.8757,4500.0,13713.852,5000.0,0
30000.0,1,2,43.0,0,0,0,0,-2,28399.045,16541.135,2911.5483,1318.2603,1501.5325,1500.0,954.4134,1213.1771,0
20000.0,2,3,28.0,0,0,2,0,0,15111.102,50974.215,824.9695,20009.768,1640.6044,2000.62,4000.0,1000.0,0
240000.0,2,2,28.0,-1,-1,-1,-1,-1,325.87115,390.0,0.0,383.79016,102.64403,374.2332,332.2722,0.0,0
250000.0,2,2,29.0,0,0,0,0,0,6289.082,19722.205,22783.992,58976.824,1800.0305,1500.0,2000.0,5000.0,0
500000.0,1,2,30.0,0,0,0,0,0,763522.56,555765.94,622860.94,594208.0,24916.197,23734.8,14992.434,12364.463,0
90000.0,1,2,29.0,-1,-1,0,0,0,390.0,875.1619,1132.1875,1472.928,267.56793,705.7103,325.96576,298.55426,0
110000.0,2,1,28.0,0,0,0,2,2,72682.79,16342.803,30584.014,16006.046,2000.0,5627.856,1766.4071,0.0,0
360000.0,2,2,42.0,-1,0,-1,-1,-1,905.07477,22133.252,20726.604,34609.51,6544.4526,2500.0,20069.639,5000.0,0
500000.0,1,2,25.0,-1,-1,2,-2,-2,8923.187,6193.6704,0.0,0.0,1494.3302,2654.7686,0.0,0.0,0
120000.0,2,1,44.0,2,0,0,0,0,70707.85,49308.33,41386.71,44624.42,1967.6248,3000.0,2103.5588,6911.5894,0
300000.0,1,1,34.0,-1,2,-1,6,2,832.20105,-3.456204,11840.771,10967.848,1342.7806,1600.9801,122925.72,1326.3563,0
160000.0,1,2,28.0,0,0,0,0,0,151977.42,145202.81,136695.97,121205.15,5984.7207,6000.0,4545.1772,4840.7085,0
170000.0,2,2,29.0,0,2,0,0,0,88751.83,86042.13,86408.195,72949.664,6422.9688,15.859418,3500.0,0.0,0
160000.0,2,3,40.0,0,0,-2,0,0,48189.438,42280.324,39085.594,0.0,0.0,1475.643,1000.0,1000.0,0
220000.0,1,2,28.0,0,0,0,0,0,209213.28,212752.72,201757.33,197953.08,9369.047,10000.0,8317.026,15006.487,0
50000.0,2,1,48.0,-1,-1,-1,-1,-1,767.0439,1315.9193,1539.5667,0.0,1168.155,1600.0,0.0,139314.72,0
40000.0,2,2,42.0,0,0,0,0,0,6511.7095,49626.906,13838.401,47550.816,2429.1182,2500.0,1200.0,1379.3207,0
150000.0,2,1,38.0,-1,-1,-1,-1,-1,2888.342,1687.5259,955.88403,1204.9446,4333.056,2281.2947,0.0,8540.815,0
100000.0,1,2,43.0,0,0,0,0,0,132606.0,48961.28,24796.402,107815.586,15382.402,5815.0654,2000.0,2000.0,0
70000.0,2,2,36.61197,0,0,0,0,0,76036.68,81136.38,82782.51,79688.97,3016.4648,3617.522,2456.3271,2222.2595,0
350000.0,2,2,29.0,1,-2,-2,-2,-2,0.0,0.0,0.0,0.0,0.0,0.0,0.0,0.0,0
120000.0,1,1,32.0,0,0,0,0,0,10541.067,31841.12,0.0,10041.088,0.0,558.97705,694.239,3000.0002,0
60000.0,2,2,25.0,-1,-1,-1,-1,-2,28981.268,2462.1577,27271.785,91.90179,9998.964,1291.4095,17037.004,3000.0,0
128854.08,2,2,26.0,0,0,0,0,0,69715.88,73406.29,76678.26,88613.46,2958.4778,4000.0,3000.0,6000.0,0
360000.0,2,2,29.0,-2,-2,-2,-2,-2,0.0,459.97134,320.21976,0.0,0.0,394.09763,0.0,1000.0,1
450000.0,2,1,48.0,-2,-2,-2,-2,-2,169131.48,377117.5,20538.184,30016.83,148087.03,1160832.6,75764.73,321945.78,0
300000.0,1,2,22.0,0,2,0,0,0,328699.97,306852.28,297863.88,248719.0,20020.604,10018.85,23860.557,0.0,0
30000.0,2,1,36.0,2,0,0,0,0,9273.584,38168.113,29572.363,411.59668,2814.599,1500.0,1000.0,0.0,0
80000.0,1,2,27.0,0,0,0,0,0,95652.71,74488.125,77889.86,144592.27,10.182321,4000.0,5000.0,2719.804,1
70000.0,2,1,30.0,1,0,0,0,0,16441.754,7849.97,828.0132,5607.245,0.0,400.78513,0.0,2206.4678,0
314597.56,2,1,41.0,0,0,0,0,2,120782.914,157752.23,151994.34,161440.2,1300.0,3700.259,0.0,2068.2546,0
10000.0,2,2,78.7632,0,0,0,0,0,2731.2688,2942.506,3572.4583,5016.8306,1141.9326,1171.4745,326.1798,332.42664,0
200000.0,1,1,24.0,0,5,5,4,3,182107.34,206035.81,227221.48,317706.38,0.0,196580.7,0.0,0.0,1
50000.0,1,2,34.0,-1,-1,-2,0,0,20080.176,0.0,4366.278,43164.254,3000.0,0.0,14.388225,6099.3506,0
270000.0,1,1,36.0,-1,-1,-1,-2,-2,390.0,635.5902,145.16776,0.0,329.4249,911.79047,0.0,0.0,0
103300.945,2,2,28.0,-1,-1,-1,-1,-1,602.0083,812.6781,902.94196,823.6395,390.0,1232.5226,928.12317,2000.0,0
140000.0,1,2,32.0,0,2,0,0,0,33390.617,48672.523,47752.727,55561.145,2500.0,326.0,2708.9429,244.33327,0
60000.0,2,2,48.0,0,2,0,-2,0,30940.47,340.61578,25874.54,760.2918,20000.0,3397.9463,0.0,1903.1718,0
10000.0,2,2,22.0,1,0,0,0,0,14570.542,19966.945,28914.979,10055.932,0.0,0.0,845.58185,2.5135686,0
20000.0,2,1,49.0,0,0,0,0,0,19963.371,19999.01,19220.26,18350.732,1500.0,1443.6908,741.96173,800.0,1
240000.0,2,2,51.0,-2,-1,0,0,0,26667.975,20081.676,36206.42,3438.8894,0.0,3500.0,0.0,2000.0,0
864549.06,2,2,42.0,-2,-2,-2,-2,-2,-70.25797,-53.54401,-87.82597,-39.128174,0.0,0.0,0.0,0.0,1
240000.0,2,1,44.0,0,0,0,0,0,105751.555,147440.45,176271.11,185139.92,4000.0,7000.0,8366.519,3592.4155,0
300000.0,2,2,28.3887,0,0,0,0,0,205392.61,199071.17,194910.48,202477.52,8494.981,9505.608,10007.017,8173.767,0
729163.06,2,1,48.0,-1,-1,0,0,-1,1429.6414,1354.1055,640.5063,326892.9,1553.8584,1833.803,381916.7,5000.0,0
450000.0,1,2,33.0,-2,-2,-2,-1,-2,-69777.0,0.0,-170000.0,-339314.06,0.0,1226662.8,0.0,5210.2417,0
1000000.0,2,1,53.522453,0,0,0,0,0,983931.0,854639.75,891415.25,565504.25,98107.57,166724.11,93112.04,55918.133,0
150000.0,2,2,28.0,0,0,0,0,0,136977.23,188413.17,181008.69,145232.64,2960.86,6045.1533,2000.0,13010.241,0
220000.0,2,1,52.0,0,0,0,0,0,237736.56,246858.11,3893.3772,3567.4536,8011.4727,5025.5586,859.12244,1000.0,0
50000.0,2,2,22.0,0,0,0,0,0,42942.758,37209.848,31283.92,19250.082,2013.3885,1542.4398,1000.0,1000.0,0
500000.0,2,2,31.0,-1,-1,-2,-2,-2,396.0,0.0,0.0,0.0,390.0,0.0,0.0,0.0,0
260000.0,2,2,27.0,1,-2,-2,-2,-2,0.0,0.0,0.0,0.0,0.0,0.0,0.0,0.0,0
260000.0,1,2,28.0,0,0,0,0,0,18325.574,14197.004,47656.56,27577.447,6319.3975,8370.047,0.0,2000.0698,0
50000.0,2,2,21.0,0,0,0,0,0,54940.61,88301.09,21478.33,545.9223,6221.689,1000.0,0.0,1000.0,0
20000.0,1,1,44.0,2,0,0,2,0,5053.7534,1946.2494,10985.525,13169.208,0.0,1370.7864,636.1911,0.0,0
20000.0,1,1,48.0,0,0,0,0,0,8519.406,8994.739,10267.992,11067.107,1250.7671,1166.0131,708.6097,0.0,0
1000000.0,2,1,58.547794,-2,-2,-2,-2,-2,-69777.0,-157264.0,-170000.0,-339603.0,0.0,0.0,0.0,20000.824,0
340000.0,1,2,30.0,0,0,0,0,0,353301.53,350119.53,353547.75,329020.8,12498.928,14685.918,10000.0,10627.941,1
350000.0,2,2,78.80132,0,0,0,0,0,0.0,28234.713,732315.7,16246.245,0.0,0.0,3000.0,149.63304,1
320000.0,2,1,37.0,0,0,0,0,0,230473.89,235095.08,243299.73,241266.27,9388.814,9684.573,6340.39,10000.0,0
500000.0,1,2,30.0,0,0,0,0,0,21190.088,19970.908,19684.61,31937.408,3093.7656,3007.6792,10000.0,3319.6501,0
110000.0,2,1,48.0,0,0,0,0,0,4344.509,4597.327,32069.594,32141.256,1498.6519,3000.0,7500.0,5000.0,0
230000.0,2,2,28.0,1,0,0,0,0,234397.28,235309.25,226389.5,207139.33,0.0,10019.774,7993.211,6000.0,0
440000.0,1,1,54.0,-1,-1,-2,-2,-2,661.75104,0.0,0.0,0.0,865.2058,0.0,0.0,0.0,0
180000.0,2,2,27.0,0,0,0,0,0,215341.34,215566.73,196459.92,138206.0,5944.225,14432.029,612.469,4631.797,0
20000.0,2,1,40.0,-1,2,2,0,0,0.0,51075.625,15531.264,38092.617,0.0,1545.1534,1000.0,3000.0,0
40000.0,2,2,24.0,0,0,0,-1,0,1961.021,5480.826,0.0,10548.15,3337.2432,1494.4565,6091.2964,0.0,0
360000.0,1,1,46.0,0,0,0,0,0,31304.996,20790.676,21573.39,29014.615,4109.7124,10729.269,8000.039,10000.0,0
656140.2,2,1,46.0,0,2,0,0,0,966919.44,818754.6,876131.1,383571.84,82670.49,0.0,45438.777,183033.73,0
130000.0,1,2,26.0,0,0,0,0,0,114321.625,111813.95,97815.13,86628.055,5192.843,5000.0,3000.0,2331.8833,0
150000.0,2,2,27.0,-1,0,-1,-1,-1,0.0,1495.7942,622.341,0.0,0.0,5.869858,0.0,399.64963,0
70000.0,1,1,53.0,-1,-1,-1,-1,-1,3954.3835,0.0,1014.06464,575.10425,2000.0,0.0,500.0,1000.0,0
325424.3,2,1,44.0,1,-2,-2,-2,-2,0.0,-207.14864,0.0,0.0,2000.0,0.0,0.0,0.0,0
500000.0,2,1,46.0,0,0,0,0,0,420752.22,456370.62,445803.6,345245.7,11000.0,49189.086,20000.0,95832.22,0
140000.0,2,1,44.0,-1,-1,-1,-1,0,637.1828,780.0,642.9632,2541.1543,722.7143,1023.88104,390.0,518.18036,0
140000.0,2,2,28.0,0,0,0,0,0,69248.78,62308.75,55596.363,43318.77,3696.6624,2785.5486,1656.0033,6000.0,0
70000.0,2,2,37.0,0,0,0,0,0,60258.887,51814.027,74876.89,47850.4,4728.1094,3174.907,2000.0,0.0,0
120000.0,2,1,38.0,0,0,0,0,0,106013.61,104302.85,98821.17,92076.52,4407.244,4039.1926,3049.7812,5000.0,0
90000.0,1,1,43.0,1,0,2,2,2,15417.026,20268.31,30038.672,28428.992,1500.0,3000.0,1500.0,4368.473,1
30000.0,2,1,25.0,0,0,0,0,0,25414.21,27932.441,19882.83,12324.978,1326.8651,1909.1885,498.99155,0.0,0
360000.0,2,2,29.0,0,-1,-1,0,0,112.6411,2755.1924,92989.2,-1395.7272,322.93668,5981.072,0.0,1000.0,0
630274.4,1,1,43.0,-1,0,0,0,0,403143.06,403835.16,387362.53,319615.97,530552.56,27780.713,16668.203,111278.04,0
150000.0,1,1,33.0,0,0,0,0,0,29984.887,25578.648,18654.844,9937.865,1221.8746,1690.0741,1000.0,2000.0,0
160000.0,2,1,33.0,0,0,0,0,0,22202.777,59182.35,16999.74,31404.137,2047.6776,3789.3977,4087.6492,4000.0,0
300000.0,2,2,50.0,0,0,0,0,0,31338.455,16322.089,48726.24,9209.684,2101.591,10460.295,3499.91,0.0,0
120000.0,2,2,37.0,0,0,0,0,0,2100.534,40164.348,19109.168,1305.5946,1000.0,1500.0,414785.47,500.0,0
50000.0,2,1,49.0,2,0,0,0,0,45106.76,43939.72,43589.312,47220.312,738.6651,2512.5413,13214.158,0.0,1
652584.8,1,1,60.0,-1,-1,-1,-1,-1,390.0,411.84726,322.32547,333.52078,376.84625,399.53442,282.59543,361.26318,0
10000.0,2,1,53.0,0,0,0,0,0,2848.063,3395.8918,4223.4033,5679.856,1200.0,1200.0,530.84863,605.23456,0
50000.0,1,2,55.618843,4,0,0,0,0,10543.525,34292.355,22258.605,7752.1616,36307.98,1805.9296,1500.0,0.0,0
50000.0,1,1,29.0,0,0,2,0,-2,27020.152,6688.749,16408.287,0.0,0.0,0.0,2146.7705,0.0,0
977583.75,2,2,32.0,-1,-1,-1,0,0,1231.9365,388262.78,886444.3,961664.0,95950.445,1128994.6,406692.25,196317.95,0
20000.0,2,1,56.0,0,0,0,0,0,19272.465,19303.13,18775.865,18504.197,1512.4409,1500.0,1000.0,1300.0,0
30000.0,2,2,25.0,0,0,0,0,0,37742.273,36703.305,35173.77,35531.22,2000.0,2000.0,1250.9231,2000.0,0
30000.0,2,2,36.0,1,0,0,0,2,1210.2949,5273.63,244.3479,1954.595,1479.2267,0.0,169.12563,0.0,0
999882.44,1,2,45.0,0,0,0,0,0,983931.0,854615.9,891055.2,308154.44,93609.734,105240.06,39219.23,37511.105,0
250000.0,2,2,28.0,-2,-2,-2,-2,-2,1276.786,0.0,0.0,0.0,780.0,0.0,0.0,0.0,0
50000.0,1,2,47.0,1,0,0,0,0,17693.639,16409.5,48712.92,28164.217,3000.0,2944.9924,3023.5215,1078.1354,0
582804.7,2,2,54.0,1,-2,-2,-2,-2,0.0,0.0,0.0,0.0,0.0,0.0,0.0,0.0,0
170000.0,2,1,35.0,1,-2,-1,-1,-2,10996.201,1948.6005,7141.572,4011.2905,0.0,0.0,2300.0,200.0,0
90000.0,1,2,30.0,0,0,0,0,0,29310.479,24276.426,18738.982,8804.433,2000.0,1953.4136,1000.0,3000.0,0
20000.0,1,2,31.0,-1,-1,-1,0,0,14455.791,521.91034,0.0,0.0,14498.538,394.25003,0.0,0.0,0
100000.0,2,1,30.0,0,0,0,0,0,23173.852,20293.625,2022.0051,0.0,1380.5906,1422.8638,0.0,0.0,0
50000.0,2,1,28.0,4,-1,0,0,-1,164176.22,605.35095,145133.2,21178.113,4001.136,6500.0,2431.186,3000.0,0
120000.0,2,2,23.0,-1,0,-1,0,0,0.0,0.0,1044.4698,11300.864,0.0,0.0,0.6024278,2018.9191,0
30000.0,1,2,27.0,-2,-2,-2,-2,-2,357.2355,0.0,2296.718,501.90533,264.01715,1205.8553,500.0,700.0,0
400000.0,1,1,36.0,0,0,0,0,0,192881.97,200965.7,198557.72,194584.05,8148.1567,10000.0,5000.0,7247.57,0
100000.0,2,2,27.0,0,0,-1,0,2,780.0,0.0,390.0,5111.224,0.0,0.0,0.0,0.0,0
160000.0,2,2,29.0,0,0,0,0,0,52831.098,190466.95,39456.574,129027.83,5863.927,3000.0,2000.0,1000.0,0
280000.0,2,2,24.0,2,2,0,-1,0,81019.18,79189.4,0.0,65595.03,1030.2522,0.0,5421.8438,1000.0,0
120000.0,2,2,33.0,1,0,2,0,0,10184.314,-2.2737508,0.0,7079.868,5522.5454,2257.1765,0.0,934.63434,0
230000.0,2,2,28.0,1,-2,-2,-2,-2,0.0,0.0,0.0,0.0,0.0,0.0,0.0,0.0,1
260000.0,2,2,29.0,0,0,0,2,0,101845.38,97504.73,98487.95,64186.09,4000.0,5300.1396,0.0,0.0,0
30000.0,1,2,29.0,1,-2,-1,-1,2,592.77155,0.0,345.98526,316.40082,0.0,0.0,0.0,5320.045,0
210000.0,1,2,35.0,-2,-1,-2,0,-2,555.7585,1073.5298,5307.3223,931.1633,0.0,0.0,0.0,0.0,1
200000.0,2,2,25.0,0,2,-2,-2,-2,9549.967,176.15242,0.0,-0.769817,0.0,0.0,0.0,0.0,0
30000.0,2,2,28.0,0,0,0,0,0,23575.303,24149.686,22765.266,20787.592,1681.6161,1614.084,991.9891,1000.0,1
20000.0,2,1,43.0,0,0,0,0,0,8393.345,9390.533,10082.726,9653.239,1471.9761,1300.0,1027.8276,0.0,0
50000.0,2,2,33.0,0,0,0,0,0,30261.506,32946.312,14703.142,15997.713,1800.0,1329.613,1298.4523,346.04886,0
10000.0,2,1,22.0,0,0,0,0,0,3830.6465,3564.8215,2508.7295,0.0,444.38184,1000.0,198.41133,391203.1,0
80000.0,1,1,26.0,0,0,0,0,0,45844.81,47412.523,88252.4,83386.69,2613.9783,1625.596,0.0,1652.5242,0
427216.28,2,2,29.0,0,0,0,0,2,69309.32,77192.914,78454.67,67364.77,3560.0122,4000.0,1649.7109,3000.0,0
116863.29,2,1,40.0,0,0,0,0,-2,409.21182,73061.35,2074.7947,47029.973,3000.0,5000.0,33260.023,2000.0,0
130000.0,2,1,54.0,2,0,0,0,0,14557.246,73943.11,40949.24,51042.24,0.0,4000.0,1000.0,5202.542,0
170000.0,2,2,31.0,-1,-1,-1,-1,-1,2396.7964,5306.394,3637.992,1373.1637,3404.4067,2010.1606,1219.1094,1000.0,0
30000.0,2,1,29.0,0,0,0,0,0,32247.732,29934.36,28103.748,26499.123,1851.0956,1558.0792,1000.0,1029.1716,0
150000.0,1,2,35.0,-1,-1,-1,-1,-1,348.54657,333.28937,14554.558,7498.9067,326.0,390.0,10026.658,0.0,1
240000.0,1,1,39.0,0,0,1,0,0,71850.73,20387.512,6555.6475,50874.848,3000.0,183.97832,759.42664,28882.516,0
80000.0,1,2,31.0,-1,-1,-1,0,0,401.67838,-239.91754,0.0,1993.9442,0.0,1413.27,0.0,3951.206,0
20000.0,2,1,49.0,0,0,0,0,0,15416.274,15749.815,15618.05,7635.0806,1501.2804,1200.0,0.0,0.0,0
80000.0,2,3,35.121452,2,0,-1,-1,-1,52964.484,33519.16,45452.84,6061.4604,6000.0,1400.0,0.0,0.0,0
999670.4,2,1,47.0,0,0,0,0,0,983931.0,854505.1,890950.1,246801.95,85502.96,99974.86,29107.115,23344.182,0
50000.0,1,2,23.0,4,0,0,-2,0,68109.94,1353.3644,41910.234,22637.057,2091.2317,1685.8358,1997.916,1000.0,0
10000.0,2,1,28.0,1,-2,-1,-1,-1,-69777.0,-157264.0,-169950.17,47051.227,0.0,0.0,415295.9,0.0,0
210000.0,2,2,41.0,-1,-1,2,-1,7,4897.052,416.23254,851.41956,604.3554,2000.0,1700.0,1000.0,4231.0415,0
125881.28,1,1,44.0,-1,-1,-1,-1,-1,1419.4937,8765.211,858.3029,1865.1522,2000.0,8341.881,2378.6528,0.0,1
10000.0,2,1,45.0,0,0,0,0,0,3195.188,3633.9163,4367.2173,5170.0996,1209.9425,1200.0,440.36508,546.70654,0
80000.0,2,2,64.039635,0,0,0,0,0,70045.35,59654.582,43523.324,34572.066,2820.277,2005.6571,1327.7258,1408.7004,0
110000.0,2,3,24.0,0,0,0,0,0,108142.39,15066.342,396.0,11364.334,1600.0,2000.0,1147.4135,1000.0,1
200000.0,2,2,26.0,1,-2,-2,-2,-2,0.0,0.0,0.0,0.0,0.0,0.0,0.0,0.0,0
50000.0,2,1,25.0,0,0,0,0,0,49002.96,40285.2,26897.232,24717.834,2100.0,1772.6827,1253.1213,3000.0,0
20000.0,1,2,27.0,1,2,2,0,-1,2310.618,2275.4583,1738.7811,716.5803,0.0,1200.0,1005.6056,0.0,1
440000.0,2,1,32.0,-1,0,0,0,0,50943.715,40163.83,31178.04,29127.188,58239.223,1500.0,1514.3695,1142.4132,0
30000.0,2,2,30.0,0,0,0,0,0,31281.412,51675.73,44107.72,19468.639,1400.0,1000.0,778.5367,2013.737,0
50000.0,1,2,28.0,2,2,2,2,2,51177.566,50326.832,51865.215,54702.242,3000.0,0.0,2665.592,0.0,1
10000.0,1,2,26.0,0,0,0,0,0,2554.3179,2985.3757,4025.145,6181.7827,1286.9257,1200.0,890.6119,970.6323,0
70000.0,2,2,28.0,0,0,0,0,2,39007.766,38292.254,35794.85,41306.223,1900.0,2000.0,1211.9895,1386.2019,0
80000.0,2,2,23.0,0,0,0,0,0,0.0,2306.877,50857.008,1672.7202,580.0047,3505.3606,644.3885,354.37247,0
290000.0,1,2,35.0,0,0,0,0,0,182669.36,197441.67,141834.6,169940.5,10000.0,8195.41,3000.0,6033.3086,1
348459.34,2,2,35.0,-1,-1,-1,-1,-1,315.00558,-11.150844,14092.301,5407.886,1000.0,0.0,11779.865,1003.30133,0
40000.0,2,1,29.0,-1,0,0,0,-1,11966.581,8325.841,3657.8857,1829.5217,1000.0,1213.4503,1500.0,1000.0,1
998747.0,2,1,57.267838,2,0,0,0,0,983851.6,853482.8,890460.2,292919.72,39392.93,53208.582,23250.393,45392.95,0
140000.0,2,2,31.0,0,0,0,0,0,43460.85,210365.12,749207.3,253298.1,7450.508,6497.4453,3519.7869,3899.971,0
488953.0,2,1,44.0,0,0,0,0,0,500602.03,380394.47,210195.9,135883.67,26461.297,16020.098,11203.6045,5000.0,0
50000.0,2,2,32.0,0,0,0,0,0,48926.414,22349.64,31641.303,38622.516,1943.5806,0.0,369.0352,0.0,0
320000.0,2,1,37.0,0,0,-2,-2,-2,78025.38,0.0,300.3008,1374.8368,3000.0,0.0,0.0,0.0,0
50000.0,1,2,27.0,-2,-2,-2,-2,-2,-69777.0,-157264.0,-170000.0,-339603.0,0.0,0.0,0.0,0.0,0
330000.0,2,2,53.0,0,0,0,0,0,195439.84,269775.84,277651.53,138043.19,9259.621,8016.1313,21627.633,6103.491,0
350000.0,2,1,34.0,-1,0,0,0,0,137408.86,200461.83,174921.92,149920.27,6242.6978,63517.742,6017.409,4967.254,0
20000.0,2,1,47.602974,1,2,0,0,0,7276.33,7335.7744,8869.463,9289.321,1300.0,0.0,517.5163,798.9069,1
50000.0,1,2,44.0,-2,-2,-2,-2,-2,0.0,0.0,0.0,0.0,0.0,0.0,0.0,778.851,0
160000.0,2,1,29.0,1,-1,-1,-1,5,-69777.0,-157155.22,-168078.53,-339603.0,0.0,866613.56,0.0,0.0,0
20000.0,1,2,28.0,0,0,0,0,0,12983.626,11965.578,11077.703,4795.0337,1358.9965,1214.7212,94.93192,0.0,0
100000.0,2,1,40.0,0,0,0,0,0,40871.902,1022.43146,36201.957,18583.092,27083.406,0.0,2000.0,5000.0,0
50000.0,1,2,28.0,4,0,-1,0,0,1149.38,736.4305,10943.369,29488.115,2986.4866,1162.9049,0.0,1701.9983,0
350000.0,1,2,31.0,0,0,0,0,2,309848.7,311468.7,335849.72,359583.47,15147.242,11747.354,11777.776,10000.0,1
100000.0,1,2,28.0,4,0,-1,0,0,390.0,0.0,9980.65,4216.5605,2405.4712,0.0,10000.0,0.0,0
310000.0,2,1,57.0,0,0,0,0,0,350419.06,320796.44,288373.1,259862.16,13101.612,11000.0,9081.398,8614.073,1
30000.0,2,2,40.0,0,2,0,0,0,26792.105,25110.756,26581.496,30005.924,4000.0,0.0,2000.0,2000.0,0
10000.0,2,1,23.0,0,0,-2,-2,-2,4298.461,0.0,0.0,0.0,1000.0,0.0,0.0,0.0,0
50000.0,2,1,33.0,0,0,0,0,8,16725.164,0.0,44987.906,9964.332,2202.9592,4000.0,35422.55,266.4007,0
20000.0,2,2,22.0,0,0,0,0,0,16924.11,17595.861,17573.05,17546.568,1500.0,1408.4414,1000.0,1000.0,0
210000.0,2,1,31.0,0,0,0,0,0,113715.49,159868.4,167874.61,150289.84,5000.0,7008.3105,2307.68,5033.277,0
50000.0,2,2,30.0,2,2,0,0,0,62705.176,86866.81,26052.39,48159.113,318.0214,2000.0,800.0,5000.0,1
160000.0,1,2,25.0,0,2,2,0,0,106267.05,144714.2,181407.05,161972.83,2305.2422,4315.582,0.0,3698.5571,0
50000.0,2,2,23.0,0,0,0,0,0,35668.742,37247.68,37165.984,7485.6626,2000.0,2026.5936,1200.0,241.66539,0
30000.0,1,2,27.0,0,0,0,0,0,28207.197,27992.977,20569.902,13733.1875,1579.9025,1640.8383,1000.0,0.0,0
130000.0,2,1,34.0,-1,-1,-1,-1,-2,2082.7107,935.26263,2400.0,0.0,0.0,922.77374,0.0,0.0,0
180000.0,2,2,37.0,-1,-1,0,0,0,19961.707,26561.957,58170.36,6412.823,3550.2969,3847.8762,2000.0,634.2768,0
50000.0,2,1,47.0,0,0,2,0,0,47913.145,55646.418,50413.434,49367.45,2685.3792,4303.802,1600.0,3000.0,0
90000.0,1,2,34.0,0,0,0,0,0,24784.604,23248.883,30817.6,23004.775,2000.0,1500.0,500.0,2958.349,0
50000.0,2,1,33.0,0,0,0,2,0,6533.4185,40006.3,30178.242,29197.777,1470.8569,2030.0277,1130.4779,3941.4287,1
50000.0,1,1,36.0,-2,-2,-2,-2,-2,5115.635,21173.146,19501.506,19844.992,1196.3115,0.0,2000.0,1000.0,0
491007.34,2,1,39.0,-1,-1,-1,-1,-1,0.0,1734.9556,1010.5422,1313.0231,0.0,1988.4274,1257.4219,851.89087,0
20000.0,2,2,33.0,-1,-1,-1,-1,-1,-69777.0,-157133.47,-169819.84,-339473.8,0.0,0.0,0.0,0.0,0
545369.0,1,1,51.0,1,-2,-2,-2,-2,0.0,0.0,0.0,0.0,0.0,0.0,0.0,0.0,0
30000.0,2,2,34.0,0,0,0,0,0,23604.17,25579.008,42501.15,29065.562,2046.8198,1500.0,836.8794,0.0,1
150000.0,2,2,25.0,0,0,0,0,0,107586.89,134250.0,142264.27,105676.414,2500.0,4141.2573,1510.7533,3229.108,0
140000.0,2,2,31.0,1,-1,0,0,0,7556.7256,115404.414,104888.92,97633.96,2000.0,95843.5,8609.204,2583.9792,0
210000.0,2,2,29.0,-2,-2,-2,-2,-2,5415.2427,2650.9167,2781.4607,1646.0765,6020.4644,3263.6213,2355.782,0.0,1
210000.0,1,2,33.0,-2,-2,-2,-2,-2,0.0,0.0,0.0,0.0,0.0,0.0,0.0,0.0,0
200000.0,2,2,40.0,0,0,0,0,0,118408.64,47415.273,58370.95,23533.053,0.0,5503.374,0.0,0.0,0
60000.0,1,1,36.0,1,3,2,2,2,20575.807,25513.705,20243.045,19024.059,0.0,0.0,0.0,1000.0,1
30000.0,2,1,26.0,0,0,0,0,0,30745.719,29468.543,23332.438,20187.348,1601.754,1700.0,1051.0181,1000.0,0
200000.0,1,2,28.0,0,0,0,0,2,179553.39,184096.69,194883.08,179173.53,8000.0,9777.77,0.0,0.0,1
360000.0,1,2,29.0,0,0,0,0,-1,33718.27,54062.31,49089.918,28231.514,0.0,15924.282,34245.027,6000.0,0
20000.0,1,2,27.0,0,0,0,0,-1,4449.229,739.36334,2579.0298,1214.2234,1500.0,0.0,1106.7162,1000.0,0
999840.4,2,1,62.28133,-2,-2,-2,-2,-1,77576.93,59658.758,3211.2673,323938.72,138828.31,94716.7,287931.3,190582.5,0
170000.0,2,2,28.0,0,-1,0,0,7,3465.2231,21637.479,52786.543,48396.883,556.9611,1000.0,50437.918,4924.1587,0
180000.0,1,1,47.0,0,0,0,0,0,2020.4784,34935.38,1441.3025,383.0846,1689.4943,1910.0663,1397.7898,5434.013,0
150000.0,2,2,24.0,0,2,0,0,0,390.0,15297.487,359955.44,203428.94,707.47394,0.0,417821.97,0.0,0
180000.0,1,2,24.0,2,0,0,0,0,21959.152,49960.543,13554.354,20890.352,4226.467,4500.6333,11723.186,2223.5498,0
260000.0,1,1,49.0,-2,-2,-2,-2,-2,287.86386,0.0,0.0,0.0,0.0,0.0,0.0,0.0,1
60000.0,1,1,67.98387,0,0,0,0,0,36755.668,30031.64,118215.24,40076.758,1553.1609,0.0,6319.8584,2030.6471,0
904497.1,2,2,53.0,0,0,0,0,0,980735.4,845896.2,886607.3,348496.22,49615.254,52822.758,33612.875,54546.117,0
200000.0,2,2,22.0,-1,2,-1,-1,-1,2499.8289,130524.13,4358.8457,15576.523,2000.0,5001.392,417902.78,10391.745,0
90000.0,2,1,49.0,0,0,0,-1,-2,3390.7017,0.0,0.0,0.0,2166.222,3309.0168,0.0,1000.0,0
30000.0,2,1,53.0,0,0,0,0,0,33820.848,46889.453,10308.83,10212.952,1600.0,1689.8768,894.7314,697.69476,0
50000.0,2,2,35.0,2,0,0,0,0,48134.39,46960.195,43130.76,33753.797,2046.5981,2335.56,1301.0116,1450.8005,1
130000.0,1,2,46.0,0,0,0,0,0,151661.4,78891.91,187743.55,71479.77,3304.5,3006.816,2315.44,1808.1211,0
80000.0,2,2,40.0,2,0,2,-2,0,226.74344,4078.191,25989.54,15112.896,1521.4972,5000.0,0.0,0.0,1
100000.0,1,1,38.0,0,0,0,0,0,97886.195,82924.18,72307.2,60603.496,3876.3374,2582.3896,2000.0,3000.0,0
290000.0,2,1,34.0,-1,-1,-1,-1,-2,46689.242,87905.16,-168962.23,-339603.0,38686.43,138408.84,0.0,0.0,0
899795.7,2,2,35.0,0,0,0,0,0,62873.316,64279.24,68158.055,60770.742,3000.0,2299.131,2500.0,2100.0,0
172536.14,2,2,27.0,0,2,2,0,0,741.0149,806.45825,422.86472,780.0,1600.0,203.06818,898.2012,975.09656,0
200000.0,1,1,36.0,0,0,0,0,0,131210.28,50675.26,231003.92,247297.44,8250.367,5021.7646,169849.28,4382.581,0
270000.0,2,1,25.0,0,0,0,-1,0,8393.396,10763.593,327.35605,3037.3765,1753.9377,0.0,346.69156,0.0,0
240000.0,2,1,33.0,0,0,0,0,0,87586.62,56486.812,43456.652,79452.55,5001.305,5000.0,11983.527,1500.0,0
150000.0,2,1,34.0,1,-1,-1,-1,-1,388.3292,389.78912,111.90946,390.0,212.16054,390.0,502.919,0.0,0
400000.0,2,2,29.0,0,0,0,0,0,187157.8,139979.84,103473.58,111607.125,18487.15,21147.297,12036.354,27589.184,0
200000.0,2,2,27.0,-1,0,-2,-2,0,326.0,0.0,0.0,26689.86,2404.7715,5311.647,0.0,820.5378,0
230000.0,1,2,26.0,2,0,0,0,0,58127.79,50102.266,27944.287,128471.055,1065.0724,5000.0,3154.8733,12012.913,0
20000.0,1,1,27.0,0,0,0,0,0,26705.803,91003.93,25493.766,39529.21,2324.6619,3200.0,4000.0,390.0,0
10000.0,1,1,67.683876,0,0,0,0,0,3636.8616,3930.5872,5467.15,6931.976,1211.2996,1170.752,438.06415,534.93744,0
250000.0,2,1,37.0,0,0,0,0,0,44175.754,41865.426,43701.14,53232.695,2392.1082,2000.0,9639.214,2414.0056,0
80000.0,2,1,36.0,2,2,2,2,2,63168.22,50111.082,41200.477,98071.41,0.0,1500.0,0.0,1234.8927,1
50000.0,2,1,39.0,0,0,0,0,0,25829.572,16974.371,32777.76,6224.115,2000.0,1899.3079,500.0,2047.981,0
180000.0,2,1,51.0,0,0,2,-1,-1,16807.998,12641.678,1578.8323,1005.73456,1579.6692,2000.0,1204.7767,2000.0,0
300000.0,2,2,32.0,0,0,0,0,0,134694.66,92529.02,133802.05,55898.562,6603.456,5107.079,6000.0,2200.0,0
380000.0,1,1,24.0,3,0,0,0,0,0.0,21910.467,47449.746,780.0,3362.3254,2730.8376,0.0,10128.397,0
480000.0,2,1,53.0,-2,-2,-2,-2,-2,371.09848,28283.637,1264.6108,0.0,326.0,35366.715,0.0,3914.2708,1
50000.0,2,2,27.0,0,2,0,0,0,0.0,9749.663,15226.063,4072.6714,2000.0,4685.0493,0.0,7000.0,0
360000.0,1,1,46.0,1,-1,-1,-1,-2,6487.347,9903.893,3128.378,2684.1907,3482.3499,10058.631,2018.3568,2000.0,0
210000.0,2,1,37.0,0,2,2,0,0,2301.3672,3543.2156,408.9889,8436.97,2000.0,977.49445,640.1181,1000.0,0
170000.0,2,2,29.0,0,0,0,0,0,150895.78,130256.26,121734.74,124690.695,7257.3857,6663.025,5000.0,8706.863,0
30000.0,1,2,26.0,0,0,0,0,0,28385.852,27229.553,24468.387,26079.424,1522.0629,1500.0,1538.7334,959.7184,0
500000.0,1,1,35.0,-2,-2,-2,-2,-2,0.0,0.0,0.0,0.0,0.0,0.0,0.0,0.0,1
500000.0,2,2,33.0,1,-2,-2,-2,-2,0.0,0.0,0.0,0.0,0.0,0.0,0.0,0.0,1
170000.0,2,2,28.0,0,0,0,0,0,164772.95,163363.0,156702.69,149984.94,6500.0,7000.0,7213.0903,5758.387,0
170000.0,2,2,27.0,0,0,0,0,0,20784.06,21989.959,22459.355,20606.523,1793.59,1892.9121,1066.5586,1198.9949,0
140000.0,2,2,34.0,-1,-1,-1,-1,-1,382.69916,443.939,1.0969931,1019.1211,35.3418,850.2597,1000.0,1634.288,0
30000.0,2,2,25.0,0,0,0,0,0,32315.168,24731.502,33666.676,33558.562,1718.8033,1829.4229,1500.0,1500.0,0
80000.0,2,1,48.0,0,0,0,0,0,63901.297,49386.15,16332.984,825.33215,0.0,1500.0,1500.0,1000.0,0
998656.7,2,1,52.0,0,2,0,0,0,983931.0,854812.94,891219.9,359834.34,87264.555,0.0,25394.15,37288.88,1
320000.0,2,1,31.249151,0,0,0,0,0,65707.62,62239.39,71659.234,63782.184,3194.0605,4673.138,3640.8638,4000.9539,0
100000.0,1,2,42.0,0,0,0,0,0,29032.594,22035.863,19494.73,19605.648,3192.0903,3000.0,1000.0,2000.0,0
130000.0,2,1,29.0,3,-1,-2,0,2,21836.79,0.0,-162229.5,16635.605,8000.0,1200.0,4091.683,0.0,0
210000.0,1,2,29.0,-2,-1,-2,-2,-2,326.0,32606.578,0.0,0.0,326.0,30007.695,0.0,0.0,1
310000.0,1,1,31.0,-1,-1,-1,-1,-2,2488.6384,0.0,4702.9673,1695.8358,2000.0,0.0,1688.4802,378.33264,0
380000.0,2,1,35.0,-1,-1,-1,-1,-1,70382.33,-31567.535,0.0,16235.411,26195.035,2000.0,5733.793,3703.7349,0
300000.0,2,2,34.0,0,0,0,0,0,310088.22,302372.78,303310.12,292704.34,11006.869,12001.924,8032.682,9742.85,0
130000.0,1,2,37.0,2,0,0,0,0,138160.06,125304.66,77258.43,70842.55,4914.8374,6000.0,1672.6694,2889.9995,1
200000.0,2,2,28.0,1,0,0,0,0,92287.086,22435.531,9201.142,30248.13,1200.0,1356.2078,14649.803,733.20215,1
30000.0,2,1,23.0,0,3,-1,2,2,27581.484,9832.31,219687.92,18530.582,13548.117,1174.4039,0.0,0.0,0
20000.0,2,1,33.77187,0,-1,0,0,0,326.0,8543.583,20773.389,0.0,1640.3231,3769.2524,0.0,0.0,0
260000.0,2,2,27.0,0,0,0,0,0,99202.125,129081.91,18798.596,18963.137,0.0,2000.0,3000.0,2196.9182,0
80000.0,2,2,25.0,-1,-1,-1,0,0,50143.383,75981.36,34646.145,10328.255,5500.0,10000.0,18626.266,4296.682,0
110000.0,2,2,58.476597,0,0,0,0,0,11501.014,360145.72,8824.089,95704.41,1251.3759,1489.6431,4219.839,121396.95,0
150000.0,2,2,27.0,0,0,0,0,0,145544.84,143357.53,141284.8,141570.81,5603.402,5806.467,7000.0,6000.0,0
200000.0,1,1,34.0,1,-1,-1,-1,-1,1264.0636,776.45776,323.3832,607.3385,1801.9333,1400.0,1000.0,200.84904,0
450000.0,1,2,48.0,0,0,0,0,0,181807.14,166102.33,146103.64,126698.52,7521.812,7117.5645,7000.0,4116.337,0
100000.0,1,1,50.0,0,0,0,0,0,23721.154,35297.55,7975.6836,3924.9304,5000.0,1601.6553,187.4926,21410.312,0
999882.1,2,1,57.0,0,0,0,0,0,983931.0,854779.25,891314.06,341241.22,80044.82,114763.99,39902.883,50642.516,0
110000.0,1,2,31.0,-1,-1,2,2,2,0.0,18649.002,19434.256,26990.316,0.0,11009.452,0.0,0.0,0
10000.0,2,1,45.0,-1,-1,-1,-2,-2,312.89792,382.6457,0.0,0.0,0.878969,410.3955,0.0,0.0,0
100000.0,1,1,33.0,1,-2,-2,-2,-2,0.0,0.0,0.0,0.0,0.0,0.0,0.0,0.0,0
60000.0,2,2,29.0,0,0,0,0,0,4743.1655,8749.782,8677.824,5445.343,2000.0,6038.065,928.5646,600.0,0
230000.0,2,2,32.0,0,0,0,0,0,16091.268,33553.95,19204.35,15030.12,3500.0,1390.8125,5790.394,949.6665,0
210000.0,2,1,32.0,7,0,0,0,0,46349.86,31113.633,13428.653,33116.074,0.0,2146.9304,991.0339,109650.98,0
30000.0,1,2,36.0,0,0,0,0,0,48886.03,47578.773,40918.547,29895.018,3000.0,3628.8694,1000.0,7676.6753,0
225227.42,1,2,27.0,0,0,2,2,2,178546.58,192417.66,209464.89,213890.88,8183.141,17638.033,0.0,9860.82,0
380000.0,2,2,32.0,-1,-1,0,0,0,13374.613,100501.78,70217.586,71448.01,10023.939,158144.03,2000.0,10000.0,0
30000.0,1,1,30.0,2,8,5,2,4,15948.049,11136.499,30293.064,65773.33,0.0,0.0,0.0,0.0,0
140000.0,2,2,28.0,0,0,0,0,0,62795.098,81676.88,72066.555,79062.06,5818.521,2000.0,2000.0,3000.0,0
100000.0,1,1,49.0,4,0,0,0,0,6282.257,42088.7,24038.324,17434.139,1967.9635,0.0,0.0,2000.0,0
10000.0,2,2,25.0,1,0,0,0,0,2209.1948,1397.857,37360.363,24443.688,3692.9597,3326.266,2036.131,825.7362,0
401375.72,2,1,29.0,0,7,1,-1,2,7979.123,5291.362,1.1720052,0.0,10000.0,0.0,20000.0,0.0,0
240000.0,2,1,36.0,-1,-1,-1,-1,0,2520.9211,14505.253,3051.1338,22949.873,3097.2349,14036.936,5180.7036,10000.0,0
130000.0,2,2,62.093754,-1,-1,-1,-1,-1,390.0,390.0,193.65604,458.89084,326.0,384.96698,500.0,700.0,1
380000.0,2,2,30.0,0,0,-1,0,0,665.1369,0.0,49147.957,-438.64658,576.1196,2100.0,0.0,5000.0,0
90000.0,1,2,40.0,2,0,0,0,0,110917.586,94661.17,63086.16,42755.305,0.0,5000.0,1100.0,1682.1267,0
500000.0,1,1,31.0,0,0,0,0,0,108524.41,173228.2,89929.63,576.20514,0.0,5000.0,500.0,600.0,0
20000.0,2,2,22.0,0,0,0,2,2,13929.081,15598.499,17683.443,18580.07,1485.4913,1400.0,1898.5953,1000.0,0
10000.0,1,3,39.0,4,0,0,0,3,2908.716,139504.66,19645.14,34974.1,7000.0,3100.0,42434.04,1000.0,0
533617.6,2,2,44.0,0,0,0,0,0,930868.94,667620.25,854955.4,502957.8,89324.22,31443.799,32742.738,14928.2,1
620232.0,2,1,44.0,0,0,0,0,0,957626.6,823549.9,877141.0,393432.22,32835.973,43514.25,24799.854,26989.566,0
350000.0,2,1,34.0,0,0,-1,-1,0,435.0934,1358.923,8820.895,9840.707,2000.0,19800.703,390.0,10000.0,0
315394.9,1,1,36.0,-1,-1,-1,0,-1,0.0,109361.65,5792.732,1738.6912,0.0,129720.68,2000.0,1892.635,0
50000.0,2,2,27.0,0,0,0,0,0,15503.479,57839.312,9670.697,29117.373,2119.707,2000.0,1737.8082,296.5285,0
420000.0,2,2,36.0,-2,-1,-1,-2,2,26477.678,4070.3723,107677.22,12285.584,0.0,2099.9182,0.0,359754.28,0
80000.0,2,2,25.0,0,0,0,0,3,8395.799,0.0,17179.252,136054.81,0.0,10842.556,9595.396,3000.0,0
460000.0,1,2,29.0,-1,-1,-1,0,0,5311.427,641.5708,3848.511,2444.9702,5012.436,1337.7997,887.63873,0.0,0
230000.0,1,2,28.0,0,0,0,0,0,192026.5,195698.36,190744.11,194173.94,8180.678,8495.179,8130.2915,24222.113,0
280000.0,1,1,46.0,-1,-1,-1,-1,-1,3427.3882,153.13536,8784.367,13778.571,1595.6486,1719.9767,6000.0,762.1647,0
70000.0,2,1,43.0,0,0,0,0,0,85121.836,14598.691,40884.164,34257.69,3176.859,0.0,3012.917,3692.8467,1
180000.0,2,2,44.0,1,-1,-2,-1,2,0.0,1643.9305,9654.108,0.0,0.0,0.0,6847.38,0.0,0
240000.0,2,1,48.0,0,0,0,0,0,63794.91,59000.406,50196.164,44908.25,2984.1118,3102.8335,1500.0,2707.4792,0
100000.0,1,2,32.0,0,0,0,0,0,43271.754,71301.734,32182.523,87391.68,2000.0,3500.0,2314.1055,3497.408,0
140000.0,2,1,68.55767,2,2,2,2,4,35899.125,112364.16,38070.81,280031.4,60827.37,0.0,1707.2557,400.0,0
50000.0,1,1,24.0,1,0,0,0,0,33534.863,34073.57,11858.925,10003.07,1436.3392,4000.0,1680.7009,4000.0,0
50000.0,2,2,22.0,0,0,0,0,0,40893.4,38148.58,32599.947,27381.846,1800.0,1886.9491,1000.0,1000.0,0
10000.0,1,2,25.0,2,-1,-1,-1,-1,390.0,337.9964,310.24963,747.72284,711.4934,390.0,1000.0,0.0,1
30000.0,2,2,37.0,0,0,0,0,0,231.35042,662.82904,20350.127,18894.771,1400.0,7019.9204,0.0,0.0,0
50000.0,2,1,33.0,0,2,2,2,2,19080.615,18885.867,19493.545,21095.848,3000.0,1019.978,2081.093,0.0,1
200000.0,2,1,54.784317,2,2,0,0,0,51170.684,65300.37,125115.12,86968.28,7119.038,1500.0,2000.0,8000.0,0
370000.0,2,2,27.0,0,0,0,0,2,31618.041,39886.74,23561.145,576.9765,2000.0,227.32997,0.0,1200.0,0
20000.0,2,2,33.0,0,0,0,0,0,19213.613,1069.0338,18319.508,46888.453,5000.0,0.0,0.0,2000.0,0
260000.0,2,2,28.0,1,-2,-2,-2,-2,0.0,0.0,0.0,0.0,0.0,0.0,0.0,1000.0,0
290000.0,2,2,29.0,1,-2,-2,-2,-2,0.0,0.0,0.0,0.0,0.0,0.0,0.0,0.0,0
210000.0,2,2,27.0,0,0,0,0,0,202671.73,204621.89,196251.75,194011.61,8030.7173,8020.407,7006.0986,10000.0,0
60000.0,2,1,30.0,0,0,0,0,2,51083.035,44001.395,300192.94,18873.346,1294.457,1027.8796,0.0,1100.0,0
260000.0,2,1,42.0,0,0,0,0,0,39448.49,49674.42,45642.402,144679.44,2890.2986,1218.4478,7497.4155,4737.3213,0
160000.0,2,1,29.0,0,0,0,0,0,53213.395,49190.035,40802.03,34938.914,3000.0,3291.009,5000.0,1446.3356,0
140000.0,2,1,42.0,-1,-1,-1,-1,-1,1560.8829,675.6305,16201.5,4527.61,1829.9956,1000.0,3457.5586,0.0,0
70000.0,1,1,27.0,0,0,0,0,0,59514.97,31511.713,20345.986,28293.854,2972.512,1791.3158,2000.0,0.0,0
120000.0,2,3,30.0,0,0,0,0,4,47657.66,326.36026,9069.223,40451.395,7499.2524,1500.0,0.0,1000.0,0
240000.0,2,1,44.0,-1,0,0,0,0,137686.5,164780.48,131339.27,123107.27,5572.4346,8585.023,105973.72,7290.8447,0
20000.0,2,2,22.0,1,-2,-2,-2,-2,0.0,0.0,0.0,0.0,0.0,0.0,0.0,0.0,0
180000.0,2,1,30.0,0,-2,-2,-2,-2,-68236.09,-4031.049,-282.602,0.0,0.0,0.0,0.0,0.0,0
20000.0,1,2,24.0,0,0,0,0,0,17854.035,64018.98,8983.778,20397.85,1306.0906,1083.5217,3000.0,1191.2134,0
592775.75,2,2,25.0,0,0,0,0,2,947108.25,820413.6,877384.94,436897.03,45634.387,38532.777,0.0,25771.113,0
20000.0,2,1,32.0,1,2,0,0,0,6742.46,7643.9507,6625.903,10543.821,0.0,1301.9171,655.92896,1996.1575,0
140000.0,2,2,24.0,2,0,0,0,0,20419.123,74472.6,114129.58,92.22409,0.0,676.1853,0.0,0.0,0
470000.0,1,2,46.0,1,-1,-1,0,0,0.0,27518.709,169783.72,23763.076,1300.0,30006.773,314.59848,1700.0,0
360000.0,2,1,38.0,2,0,0,0,0,410995.8,371398.53,366463.12,346136.25,10000.0,15308.398,10004.027,13778.533,1
80000.0,2,2,40.683254,0,0,0,0,0,59771.34,70900.73,79717.836,50695.508,5000.0,6551.001,3907.7153,3037.1248,0
270000.0,2,2,28.0,0,0,0,-2,-2,86593.93,164699.55,-167896.97,-304461.7,8350.014,104473.945,0.0,0.0,0
200000.0,2,2,30.0,0,0,0,0,0,44483.97,137308.72,41863.266,49799.023,76065.26,161977.72,20125.494,8000.0,0
30000.0,2,1,50.0,0,2,0,0,0,35396.523,30172.303,23169.188,25678.576,4500.0,0.0,1441.8143,1401.2261,0
110000.0,2,1,35.0,-1,2,-1,2,-1,1751.6754,3354.497,19736.863,12751.665,1806.6965,0.0,2700.5857,0.0,0
170000.0,2,1,32.0,0,-1,0,0,0,50800.688,24053.812,15788.464,29654.053,6000.0,4032.521,0.0,796.25415,0
350000.0,2,1,32.0,0,0,0,0,0,7150.432,26682.322,34668.125,7530.6855,2209.2786,2000.9528,827.84814,4630.0854,0
211065.23,2,1,42.0,1,-1,-2,-1,-1,592.81775,817.6369,496.94614,4794.052,1700.0,1200.2673,3753.305,1381.8197,0
919408.9,2,1,51.0,0,0,0,0,0,222538.06,231827.75,233346.98,230672.64,10004.958,10019.323,8084.0674,10000.0,0
260000.0,2,1,35.0,-2,0,-1,-1,2,12951.376,5257.604,14410.905,51707.195,5000.0,20017.73,230200.17,1000.0,0
20000.0,1,2,47.0,0,0,0,0,0,4337.6465,4775.7393,5976.0605,7626.0864,1282.3561,1269.3613,1200.0,1000.0,1
30000.0,2,1,30.0,0,5,2,0,0,33869.12,11139.135,231579.05,7600.064,1410.5122,477.20258,10000.0,825.6978,0
210000.0,2,2,28.0,2,2,0,0,0,229118.6,228193.05,213516.39,191169.44,11007.328,5006.7837,11566.346,0.0,0
445968.06,1,1,43.0,1,-2,-2,-2,-2,61461.805,-310.31674,-199.37352,-252.6281,716945.06,0.0,0.0,0.0,0
210000.0,2,1,27.0,-1,-1,-1,-1,2,-547.61444,788.0209,0.0,0.0,1220.7422,4809.041,4472.1665,3411.362,0
20000.0,1,1,64.18355,-2,-2,-2,-2,-2,0.0,0.0,0.0,0.0,0.0,0.0,0.0,0.0,0
280000.0,1,2,41.0,-1,-1,-1,-1,-1,0.0,0.0,0.0,0.0,0.0,5.097551,0.0,379.7322,0
500000.0,2,2,31.0,-2,-2,-2,-1,-1,5959.697,731.8214,0.0,12075.668,5338.5405,1168.7659,10039.048,2000.0,0
50000.0,2,2,26.0,0,0,0,0,0,27018.68,26933.83,27441.924,29979.625,2000.0,1877.0577,2000.0,2245.9365,0
310000.0,1,2,29.0,-1,-1,-1,-2,-2,964.2399,323.24524,-658.1843,0.0,1181.7766,993.5617,0.0,1000.0,0
20000.0,1,1,57.0,-1,-1,0,0,0,563.244,1221.3009,16830.105,30782.79,1642.3983,2500.0,1190.14,2969.845,0
70000.0,2,1,26.0,2,3,2,0,0,167600.52,6786.943,0.0,9818.729,570.6315,13344.306,406800.9,0.0,0
30000.0,1,2,37.0,0,0,0,0,0,29311.113,20576.838,13140.986,12327.358,2000.0,1300.0,2000.0,1086.7948,0
220000.0,2,1,35.0,-1,-1,1,-1,-1,1656.1019,329.9511,1270.7726,390.0,0.0,14031.503,0.0,1000.0,0
500000.0,1,1,37.0,1,-2,-2,-2,-2,0.0,0.0,0.0,0.0,0.0,0.0,0.0,0.0,1
30000.0,1,2,29.0,2,2,2,2,2,24850.86,27473.41,26939.305,19520.693,0.0,4099.572,0.0,1000.0,0
280000.0,1,2,27.0,-1,-1,-1,-1,-1,631.19855,746.32306,970.8197,703.69574,708.43146,1000.0,805.6524,49534.734,1
240000.0,2,1,38.0,-1,0,-1,-1,-1,0.0,8750.935,19875.447,7122.436,0.0,6699.3296,8940.745,7014.6343,0
50000.0,1,2,42.0,0,0,0,0,0,5506.275,38297.36,7805.5264,9724.479,848.3748,349.9387,1000.0,2300.0,1
240000.0,2,1,60.0,0,0,0,0,0,301015.0,222535.34,232503.47,189904.73,10000.0,10000.0,10000.0,8000.0,0
360000.0,2,2,28.0,-1,-1,-1,-1,-1,21705.371,5927.3037,991.4019,9323.178,12297.386,7520.5024,10023.702,45898.54,0
50000.0,2,2,37.0,0,0,0,0,-1,50291.34,36924.516,18668.594,-282377.2,3000.0,1212.8794,0.0,0.0,0
120000.0,2,2,24.0,0,0,0,0,2,0.0,72559.66,16305.84,41520.8,390.0,0.0,3098.8486,0.0,1
450000.0,2,2,34.0,-1,-1,-1,0,0,2627.286,344.88257,7638.6943,2035.282,1811.8939,371.4105,1000.0,2105.9595,0
75372.09,1,1,47.0,0,0,0,0,0,896.3599,20628.254,11833.439,27496.043,0.0,0.0,0.0,0.0,0
10000.0,1,2,22.0,0,0,0,0,0,2172.2175,390.0,1580.5416,1143.6931,1252.7368,0.0,0.0,834.1962,0
150000.0,1,1,47.0,-2,-2,-2,-2,-2,13424.567,7629.674,28379.664,1983.2302,5724.644,4235.9805,4000.0,20041.578,0
150000.0,2,1,26.0,0,0,2,0,0,28019.508,212985.39,75108.66,75985.234,2000.0,7259.0254,5000.0,0.0,0
400000.0,1,1,34.0,0,0,0,0,0,80538.01,106714.62,127326.766,148506.64,15000.0,20488.898,39125.156,211456.77,0
250000.0,2,1,50.0,-1,-2,-2,-2,-2,0.0,0.0,0.0,0.0,0.0,0.0,0.0,0.0,0
180000.0,2,1,39.0,0,0,0,0,0,49303.723,39768.402,105835.45,126698.28,2697.691,3000.0,3261.3657,4500.0,0
300000.0,1,1,42.0,1,-2,-2,-2,-2,0.0,0.0,0.0,0.0,0.0,0.0,0.0,0.0,1
230000.0,2,1,35.0,0,2,-1,8,2,167.93094,569.2151,12530.184,34520.3,970.03827,1725.2281,0.0,0.0,0
500000.0,2,1,38.0,0,0,0,0,0,27418.69,29150.492,35376.605,48119.758,4000.0,4000.0,2701.5696,2932.5515,0
996602.6,1,2,37.0,0,0,0,0,0,978630.25,843538.44,885925.8,353574.66,47888.195,47163.414,36949.285,63006.2,0
200000.0,2,2,33.0,-1,-2,-1,0,-2,0.0,390.0,5645.052,0.0,0.0,0.0,0.0,0.0,0
80000.0,2,2,26.0,0,0,0,0,0,17959.049,44404.164,86152.16,48533.527,2489.3787,2898.29,2800.0,3000.0,0
20000.0,2,2,23.876335,0,0,0,0,0,29382.31,34589.805,37075.52,40239.69,1634.2772,2000.0,1591.8843,1317.5629,0
160000.0,2,1,34.0,-1,-1,-1,-1,2,6438.58,5721.147,780.3898,15505.374,10000.0,5809.0835,0.0,10000.0,0
390256.9,2,1,49.0,-1,0,0,0,0,3133.211,51103.45,11450.98,19073.436,2783.2336,2000.0,465.86713,3724.6704,0
140000.0,2,1,54.0,2,0,0,0,0,80680.516,82149.86,84861.95,92464.695,5090.402,439.4877,17984.2,0.0,0
130000.0,2,2,25.0,0,0,0,0,0,119629.7,118741.03,113882.01,101441.24,5000.0,5000.0,3027.1553,3500.0,0
260000.0,1,2,28.0,0,0,0,0,0,108410.805,63866.004,138134.2,147985.25,4370.3203,5500.0,27562.432,3000.0,0
50000.0,1,2,29.0,2,0,0,0,0,14021.224,27468.998,24187.814,33249.098,0.0,1557.8564,3320.909,1006.6057,1
320000.0,2,1,51.103638,-2,-2,-2,-2,-2,0.0,0.0,0.0,0.0,0.0,0.0,0.0,0.0,0
210000.0,2,2,46.0,4,0,0,0,0,21496.568,72197.78,81244.65,28490.186,10371.61,10000.0,1984.509,16938.049,0
883311.2,2,2,33.0,0,0,0,0,0,977587.9,841014.7,884565.1,395896.88,44904.59,51722.316,42954.65,36560.176,0
410000.0,2,2,24.0,-1,-1,0,-1,0,0.0,8463.035,0.0,4980.322,0.0,5500.0,0.0,1268.5089,0
210000.0,1,1,50.0,-1,2,-1,-2,-2,12177.807,0.0,-8.553137,0.0,0.0,0.0,0.0,0.0,1
10000.0,2,1,55.0,-1,0,0,0,-1,1811.5764,1872.5243,2054.3281,1163.8854,1166.1305,1002.67474,1188.0875,700.0,0
30000.0,1,2,22.0,0,2,2,2,0,37357.332,30485.596,29831.51,33069.547,4149.8184,0.0,0.0,1584.3518,0
200000.0,1,1,34.0,0,0,0,0,0,90326.22,18604.217,32382.479,19009.434,2000.0,1762.9342,1700.0,1000.0,0
10000.0,2,2,37.0,2,2,2,2,-1,329.37564,30252.584,41900.793,76211.2,862849.1,0.0,0.0,2000.0,0
500000.0,2,1,44.529133,-1,-1,-1,-1,-1,158620.4,437802.75,18494.785,622338.9,194459.34,1222957.8,379147.62,406844.56,0
604598.94,2,1,39.0,1,-2,-2,-2,-2,-69777.0,-157264.0,-170000.0,-339603.0,0.0,0.0,0.0,0.0,0
50000.0,2,2,27.0,0,0,0,0,0,37358.715,37537.273,33787.363,31326.572,2006.624,2916.1208,1493.1703,1215.277,1
50000.0,2,3,24.0,0,0,0,0,0,16019.068,82103.44,19278.732,34410.38,0.0,1214.216,1000.0,9216.378,0
200000.0,2,2,29.0,-2,-1,-1,-1,-1,8248.384,54539.01,9163.376,207368.89,9903.454,60697.867,222699.44,12303.954,0
30000.0,2,2,23.0,1,-1,0,0,0,535.069,17212.996,19283.434,3698.8066,1000.0,699.67206,4500.0,5200.0225,0
360000.0,2,1,51.0,0,0,0,0,0,37989.227,27754.604,19813.436,18514.832,3000.0,2000.0,2377.0913,3000.0,0
80000.0,2,2,28.0,0,0,0,0,0,50988.9,59206.426,62694.0,51017.297,2000.0,2700.0247,2000.0,2000.0,0
420645.75,1,1,54.0,-2,-2,-2,-2,-2,0.0,3858.7854,2514.439,1316.0332,0.0,3000.0,1301.1172,5100.9824,0
40000.0,2,2,26.0,0,0,0,0,0,25864.486,26979.365,20120.31,1849.2604,2343.371,3000.0,722.5527,6225.551,0
210000.0,2,2,23.0,0,0,0,0,0,79681.69,82121.94,77627.586,87229.4,3500.0,3384.093,9028.217,11215.033,0
10000.0,2,1,22.0,0,0,0,0,0,6896.626,8300.8,9077.668,9271.651,1300.0,1265.3864,722.7397,833.3224,0
290000.0,2,2,26.0,2,2,0,0,0,339311.5,314163.78,299683.75,269902.6,16321.504,0.0,21582.408,0.0,1
220000.0,1,2,42.0,0,0,0,0,0,16642.07,63836.97,818005.06,857.53955,0.0,2858.8735,1000.0,5203.0874,0
200000.0,1,1,35.0,1,-1,-1,0,0,222.89076,36084.816,0.0,72753.93,390.0,8213.149,0.0,0.0,0
20000.0,2,2,22.0,2,2,2,0,0,10302.258,12588.333,11793.133,8728.601,0.0,1401.6842,0.0,1000.0,1
10000.0,2,2,22.0,0,0,0,0,0,8222.371,9184.444,8993.228,558.0217,1300.0,1334.1523,0.0,0.0,0
120000.0,2,2,31.0,0,0,0,0,0,6568.283,0.0,159.24751,24339.8,0.0,0.0,6052.4,546.5459,0
180000.0,2,1,36.0,1,-2,-2,-2,-2,0.0,0.0,0.0,0.0,0.0,0.0,0.0,0.0,0
50000.0,2,1,40.0,0,0,0,0,0,53197.06,52022.434,55996.168,52272.04,2010.8595,2000.0,2000.0,2000.0,0
360000.0,2,1,27.0,0,0,0,0,0,37826.836,50706.094,187276.12,29367.064,5817.2505,2200.0,0.0,0.0,0
60000.0,2,1,30.0,0,0,0,0,-2,14045.318,15113.406,12603.372,0.0,2087.195,3295.4683,0.0,1000.0,0
100000.0,1,1,51.0,0,0,0,0,0,95252.29,97789.41,97255.72,88078.53,3807.246,4019.5234,3000.0,3117.369,0
80000.0,1,2,32.0,0,0,0,0,0,91755.73,74835.18,45619.3,53806.805,3502.5205,2958.2795,13048.509,1939.1587,0
80000.0,2,1,26.0,0,0,0,0,0,16520.242,48238.83,50946.99,20071.254,1476.4576,1703.5221,1415.6328,1000.0,0
210000.0,2,2,34.0,0,0,0,0,0,52997.957,26845.467,91162.11,118777.54,1810.7042,4000.0,0.0,0.0,1
20000.0,2,2,22.0,0,0,0,0,0,19096.844,18983.057,18079.863,8868.803,1485.6407,1307.2656,295.73944,0.0,0
998073.06,2,1,63.106434,0,0,0,0,0,983870.25,853763.0,890810.3,321309.1,67670.76,91286.45,38821.55,52497.867,0
200000.0,2,1,36.0,3,-1,-1,-1,-1,1666.597,1208.422,0.0,3913.8787,1200.0,0.0,2143.652,7193.6587,0
20000.0,2,2,27.0,0,0,0,0,0,15202.101,13427.034,9858.011,801.01605,1530.1812,2000.0,0.0,0.0,0
30000.0,2,2,32.80673,2,-1,2,-1,0,16531.402,9073.728,30483.66,19804.344,1859.5112,1561.9485,29.707954,2207.5354,1
30000.0,2,1,22.0,0,0,0,0,0,28474.125,21793.316,25750.895,26210.584,2300.6182,2299.3562,1550.8605,1000.0,0
120000.0,2,1,45.0,-1,-1,-1,-1,-1,646.7794,0.0,1073.1113,0.0,938.50684,0.0,0.0,21013.34,1
260000.0,2,1,34.0,-2,-2,-2,-2,-2,0.0,0.0,0.0,0.0,0.0,0.0,0.0,0.0,0
999373.7,1,1,49.0,0,0,-1,-1,-1,75086.62,18167.422,1672.8691,1231.1277,8000.0,951.14435,1045.7394,1888.2587,0
500000.0,1,1,50.0,0,-1,-1,-1,-1,1282.6708,1671.4337,36086.348,1581.2681,1316.5564,3926.8638,1550.5562,2000.0,0
829860.4,1,2,33.0,-1,-1,-1,-1,-1,11270.111,42999.36,37991.24,956556.8,24975.377,99051.695,408971.34,235995.28,0
360000.0,2,1,37.0,-2,-2,-2,-2,-2,27146.88,36358.387,8119.6777,23710.697,19777.0,40545.992,39996.465,15006.192,0
20000.0,2,2,23.0,0,0,0,0,0,11999.603,12800.917,13031.197,10791.722,1413.9229,1265.1797,634.7214,0.0,0
170000.0,2,2,27.0,0,0,0,0,0,152731.53,150802.84,146363.55,145344.62,6000.0,6094.372,7430.625,6457.9453,0
80000.0,2,1,57.0,0,0,2,0,0,150537.03,-2420.313,89419.41,1768.3624,1700.0,1700.0,0.0,0.0,1
120000.0,1,3,36.0,0,0,0,0,0,23596.773,4302.097,19560.084,728.12354,3357.0435,3000.0,1100.0,0.0,0
50000.0,1,1,26.0,2,2,2,0,0,31792.236,27986.033,25937.586,24766.102,3000.0,896.7727,1500.0,0.0,1
170000.0,1,2,26.0,4,0,0,0,0,12097.722,80270.69,48487.094,69716.71,8000.0,6512.9453,7000.0,2000.0,0
996143.0,1,1,69.747055,2,2,2,0,0,978630.9,843315.2,880783.9,389768.78,65369.73,29826.613,51640.586,22113.236,0
50000.0,1,2,29.0,1,0,0,0,0,43085.918,43928.4,40867.57,31669.26,0.0,3600.1597,2241.2952,1352.2966,0
110000.0,1,2,77.88359,0,0,2,0,0,94962.31,126903.77,117716.484,87800.8,4603.978,28541.035,2093.8806,2428.709,0
50000.0,2,2,31.0,0,-2,-2,-2,-2,0.0,0.0,0.0,0.0,0.0,0.0,0.0,0.0,0
100000.0,1,1,46.0,2,0,0,2,2,96094.46,99159.28,100286.29,98342.14,0.0,4065.491,2001.1036,3530.1096,0
999970.7,1,1,61.39947,0,0,0,0,0,983931.0,854955.94,891471.6,399193.1,94318.4,113099.266,39186.277,62464.105,1
30000.0,2,2,36.0,0,0,0,0,0,30784.422,28169.494,22729.885,35758.305,2000.0,2000.0,0.0,1333.6847,0
979421.7,2,2,30.0,0,0,0,0,0,7324.895,7354.6445,6965.3296,3283.3335,1297.2653,1126.0061,334.96,689.2067,1
280000.0,2,1,44.05939,-2,-2,-1,0,0,593.4551,2170.2803,12640.135,0.0,1400.0,1000.0,0.0,0.0,0
50000.0,2,2,30.0,-1,-1,1,0,0,2499.647,0.0,25968.41,2315.265,1796.3168,0.0,0.0,16172.907,0
30000.0,1,2,32.0,2,0,0,0,0,2539.3345,185923.95,0.0,31043.342,6300.987,0.0,137648.31,3025.4907,0
20000.0,2,1,78.09041,-2,-2,-2,-2,-1,272.69028,157.5282,0.0,661.73254,0.0,314.55426,1000.0,448.86185,0
100000.0,2,2,27.0,0,0,0,0,0,24148.357,44601.383,34492.137,29096.234,3307.3994,32345.486,1695.8744,2500.506,0
80000.0,1,1,31.0,0,0,0,0,0,9989.797,15451.626,17255.83,75197.59,2000.0,9007.159,2000.0,4919.5947,0
50000.0,2,2,26.0,0,0,0,0,0,33669.746,8195.048,1443.967,40544.85,2000.0,1300.0,611.20795,0.0,0
70000.0,2,2,26.0,1,-2,-2,-2,-2,0.0,0.0,0.0,0.0,0.0,0.0,0.0,0.0,0
240000.0,2,2,42.0,0,0,0,0,0,68283.805,50678.24,32891.586,28973.197,3063.598,1800.0,1161.4747,1300.0,0
20000.0,2,1,58.0,-2,2,0,-2,-2,0.0,39620.445,3149.5078,679.3334,0.0,4913.9663,0.0,5000.0,0
150000.0,2,1,36.0,0,-1,0,0,-2,6522.907,2092.2678,4333.2417,157.58638,8918.892,1644.0822,15.838574,0.0,0
120000.0,1,2,41.0,0,0,0,0,2,43470.4,98227.73,95171.266,101805.76,2328.7664,2327.9348,1011.3676,2000.0,0
300000.0,1,1,37.0,-1,0,0,-1,2,50341.336,6732.0693,115644.93,20304.965,8835.443,2482.2148,21.259748,7933.2,0
30000.0,2,1,34.0,0,0,0,0,0,17957.984,51350.207,121061.91,39620.92,4035.5571,1300.0,3297.7026,0.0,0
260000.0,2,1,40.0,0,0,2,0,0,96992.45,116642.94,119555.14,137118.64,4058.4412,11000.0,6909.325,5360.5713,0
30000.0,2,1,26.0,0,0,0,0,0,95726.31,176903.14,270830.5,20961.44,5811.438,0.0,399123.22,1971.909,1
50000.0,1,1,39.0,0,0,0,0,2,4229.754,48550.67,77122.58,115707.45,3795.2737,1699.1345,999.06384,3312.4583,0
30000.0,1,2,26.0,0,0,0,0,0,37519.973,32095.021,27302.03,18118.28,1837.3025,1535.0894,1069.4156,90030.13,1
50000.0,2,2,28.0,0,0,0,2,0,28499.098,28552.738,31431.006,32430.346,1779.862,1600.0,1542.5695,5035.2876,0
508042.47,1,2,30.0,-1,-1,-1,-1,-1,26744.086,11321.575,3882.4585,935.09515,33403.56,12116.832,1100.0,2404.0874,0
200000.0,1,1,35.0,0,0,0,0,0,127471.23,82988.03,46204.508,27087.547,4452.789,3266.8472,1500.0,8989.117,0
120000.0,2,2,28.0,-1,2,-2,-2,-2,1193.955,0.0,0.0,0.0,1199.417,0.0,0.0,0.0,1
210000.0,2,1,50.0,-1,-1,-1,-1,-1,1079.0829,8853.761,3682.9148,780.0,1370.3763,8000.0,1000.0,2889.6982,0
100000.0,2,1,27.0,0,0,0,0,0,4768.8022,18957.885,86709.13,8781.011,7456.8076,2000.0,4001.567,3000.0298,0
230000.0,2,1,56.0,0,-2,-1,0,2,961.2577,2408.7078,18709.1,11678.457,0.0,0.0,0.0,1994.9692,0
80000.0,2,2,23.0,-2,-2,0,0,0,1890.3281,1496.761,2425.2197,2354.4775,1746.4246,1500.0,1000.0,1000.0,0
1000000.0,1,1,54.0,-1,-2,-1,-1,0,-69777.0,38172.355,96058.86,961664.0,0.0,237688.67,402759.12,10027.651,0
30000.0,2,2,35.0,0,2,2,0,0,25516.54,22979.584,19976.445,27787.13,3392.2424,0.0,1247.8094,2000.0,0
310000.0,2,2,25.0,0,0,0,0,0,37916.45,0.0,27351.682,48700.543,3000.0,733.58545,20618.12,570.1876,0
220000.0,2,3,26.0,4,0,0,-2,0,92172.76,24032.254,63428.574,26007.516,1000.0,4041.1453,3766.906,0.0,0
230000.0,1,1,34.0,2,0,0,0,0,138936.05,166552.62,152373.14,224153.88,15550.97,12004.823,10988.1455,18416.324,0
500000.0,1,2,35.0,-1,-1,-1,-1,-1,27795.652,294435.44,15582.561,18063.947,25430.77,996461.4,30147.857,20000.0,0
80000.0,1,1,48.0,-1,0,0,0,0,69347.78,87620.266,86769.85,75503.35,24892.834,4433.5996,2380.1802,2157.5554,1
30000.0,1,2,26.0,0,0,0,0,0,30804.549,35074.75,25592.074,11671.902,1712.8684,1960.2628,1100.0,1100.0,0
410000.0,1,1,47.0,0,0,-1,0,-2,9249.385,3334.0483,3602.834,0.0,1500.0,1000.0,0.0,0.0,0
290000.0,1,2,35.0,-1,-1,-1,-1,-1,2603.6196,3689.2883,2054.193,7484.5693,1000.79865,3363.4163,2729.769,5293.077,0
150000.0,2,2,30.0,5,0,2,2,-1,-33.195877,2903.0674,5572.861,21019.928,0.0,0.0,1299.7794,6214.31,0
996717.9,1,1,50.0,2,0,0,0,0,983806.56,853409.2,890408.3,329193.22,46178.91,57038.832,29289.752,62671.63,0
90000.0,2,1,58.0,2,2,2,2,2,43696.47,47741.074,43272.61,47848.12,0.0,5000.0,1500.0,2000.0,1
30000.0,2,1,46.0,-1,2,0,0,0,13823.481,30416.408,15365.003,6582.582,3024.2576,3920.9622,18341.604,335.08798,0
50000.0,1,2,22.18337,0,0,0,0,0,41429.637,38692.28,32464.172,29372.158,2000.0,1871.4015,1243.2847,1344.8917,0
120000.0,1,1,53.0,-2,-2,-2,-2,-2,0.0,0.0,0.0,0.0,0.0,0.0,0.0,0.0,1
50000.0,1,1,34.0,8,-2,-2,-2,-1,0.0,0.0,1524.5483,415.9926,878.8644,702.5596,1411.7719,473.39655,0
80000.0,1,2,24.0,0,0,0,-1,0,15591.48,15788.452,4483.067,29138.123,15019.631,3000.0,0.0,512588.7,0
180000.0,2,1,31.0,0,-2,-2,-2,-2,0.0,0.0,0.0,0.0,0.0,0.0,0.0,0.0,0
10000.0,2,2,39.0,2,0,-1,0,0,3846.6306,10647.437,27046.404,18024.18,1028.5474,0.0,0.0,1598.6097,0
30000.0,2,2,22.0,0,0,0,0,0,23352.451,23065.322,21247.297,20007.258,1563.1261,1500.0,1000.0,997.9256,0
200000.0,2,1,55.0,0,-1,0,0,0,20072.977,578.6161,693.1503,44980.184,3500.0,0.0,417990.0,106805.516,0
20000.0,1,2,23.353558,0,0,0,-2,-2,1660.9652,-4043.6562,-169887.73,-339603.0,4500.56,2000.0,0.0,0.0,0
170000.0,2,2,27.0,0,0,0,0,0,0.0,780.0,374.2786,7232.5693,0.0,1517.7849,3019.9348,326.0,0
320000.0,2,2,61.590897,-2,-2,-2,-2,-2,0.0,0.0,0.0,0.0,0.0,0.0,0.0,0.0,0
50000.0,2,1,37.0,2,0,0,0,0,47973.152,26378.445,31055.71,9642.355,511.01062,0.0,3000.0,396.12128,1
210000.0,2,2,24.0,0,0,0,0,0,155315.66,107500.62,97774.17,127873.47,4152.191,5000.0,8271.28,10000.0,0
260000.0,2,1,40.0,-2,-1,-1,-1,-1,1762.5908,21846.049,3832.0325,15385.487,2368.661,24928.176,15158.765,10000.0,0
60000.0,2,2,26.0,1,-2,-2,-2,-2,-657.8424,-671.5878,-872.4946,-275.5788,0.0,0.0,0.0,0.0,0
450000.0,2,2,29.0,-1,-1,-1,-1,-1,390.0,436.47208,0.0,527.35364,295.9229,610.9348,792.97363,780.0,0
90000.0,1,2,33.0,-1,-1,-1,-1,-1,367.68387,8149.346,627.8566,0.0,204.44711,9978.036,0.0,0.0,0
60000.0,2,2,25.0,0,0,0,0,-1,19173.3,18912.238,166210.34,69318.61,835.3858,0.0,25030.309,3000.0,0
30000.0,2,1,37.0,2,2,2,0,0,9283.625,10476.039,47347.78,49496.02,2100.0977,0.0,13037.111,2123.2578,0
558304.0,1,2,31.0,0,0,0,0,0,924779.6,788981.44,859273.4,425998.44,28488.213,34670.223,24195.238,27135.436,0
100000.0,1,1,32.0,0,0,0,0,0,64929.527,64036.746,57097.434,50103.008,2887.9966,2000.0,1743.9498,1393.7479,0
260000.0,2,2,28.0,-2,-2,-2,-2,-2,0.0,0.0,0.0,0.0,0.0,0.0,0.0,0.0,0
30000.0,1,2,25.0,0,0,0,0,-1,27679.398,22973.203,19477.408,25613.85,1997.106,1429.4252,34393.62,1000.0,1
260000.0,2,1,32.0,0,0,0,0,0,70609.64,74386.445,71412.69,89031.36,19498.832,7000.0,10750.804,2000.0,0
50000.0,2,2,22.0,2,2,2,2,2,34915.895,35629.668,37911.742,37630.477,1706.833,1602.0361,2248.1936,1200.0,1
20000.0,2,1,54.995625,0,0,0,0,0,15267.632,16800.273,17226.088,18176.875,1479.5452,1443.05,1000.0,1000.0,0
180000.0,2,2,34.0,0,0,0,0,0,183079.5,182626.08,176271.5,168193.0,6500.245,7096.9307,5184.282,6507.5493,0
200000.0,1,1,37.0,0,0,0,0,0,131202.64,90413.72,89781.195,97288.02,18292.5,6197.3945,10000.0,4500.0,0
40000.0,2,1,43.0,0,2,2,2,0,36358.0,18441.63,54561.82,11468.793,1299.169,0.0,50836.785,597.5676,0
994459.75,1,2,43.0,0,0,0,0,0,915616.56,804645.94,869633.56,420221.7,32841.254,39183.977,50282.28,36079.83,0
400000.0,2,2,32.0,4,0,0,0,0,32227.664,10041.613,34758.65,66005.88,168755.98,2414.167,370278.2,0.0,0
20000.0,1,1,54.14874,2,0,0,0,0,10242.158,10900.341,11485.356,11737.855,1385.4556,1300.0,600.0,642.26605,1
10000.0,2,2,22.0,0,0,0,0,0,8402.196,9248.598,9988.622,11050.659,1300.1613,1381.0966,648.10004,708.5286,0
20000.0,2,2,36.0,-1,3,4,0,2,326.0,48650.047,23884.512,21699.074,1602.1312,2868.5845,390.0,185406.48,0
200000.0,2,1,46.007954,0,0,0,0,0,166784.53,204996.34,180540.44,123110.766,6717.0137,10000.0,5000.0,4504.0977,0
20000.0,2,1,40.0,1,0,0,0,2,8296.148,10239.577,11465.417,10002.238,0.0,1297.8606,0.0,1048.5016,0
70000.0,2,1,42.0,-1,-1,-1,-1,-1,396.0,393.6001,343.93912,813.96436,390.0,442.31723,1000.0,799.18756,0
90000.0,2,2,26.0,0,0,0,0,0,26443.027,18670.484,20506.96,20175.65,1624.6515,1500.0,990.50964,0.0,0
70000.0,1,2,31.0,2,0,0,0,2,18382.715,182111.61,10959.267,132421.34,6000.0,5000.0,36984.914,196270.12,1
500000.0,2,2,31.0,-2,-2,-2,-2,-2,13963.425,20787.77,29841.936,11660.447,10145.938,25006.004,14937.024,49865.594,0
20000.0,2,2,22.0,0,0,0,0,-1,24577.373,23849.037,20083.867,16942.219,1689.7616,1397.6439,23261.52,430.93698,0
360000.0,2,2,28.0,-1,-1,-1,-1,-1,6107.125,9569.379,24444.754,473.12082,5107.4385,10622.683,826.81256,10009.643,0
